2,airplane,flight,"airplane,flight"
3,airplane,journey,"airplane,trip,journey"
2,airplane,trip,"airplane,trip"
2,airplane,travel,"airplane,travel"
2,airplane,wings,"airplane,wings"
-1,airplane,seats,"NOT FOUND"
2,airplane,air,"airplane,air"
2,airplane,sky,"airplane,sky"
3,airplane,cloud,"airplane,sky,cloud"
2,airplane,airport,"airplane,airport"
-1,airplane,runway,"NOT FOUND"
3,airplane,passenger,"airplane,car,passenger"
2,airplane,pilot,"airplane,pilot"
2,airplane,stewardess,"airplane,stewardess"
-1,airplane,flight attendant,"NOT FOUND"
4,airplane,meal,"airplane,reservation,restaurant,meal"
3,airplane,food,"airplane,peanuts,food"
3,airplane,suitcase,"airplane,trip,suitcase"
3,airplane,luggage,"airplane,trip,luggage"
2,apple,red,"apple,red"
2,apple,green,"apple,green"
2,apple,orange,"apple,orange"
2,apple,worm,"apple,worm"
2,apple,banana,"apple,banana"
3,apple,leaf,"apple,tree,leaf"
-1,apple,seeds,"NOT FOUND"
2,apple,core,"apple,core"
2,apple,tree,"apple,tree"
2,apple,orchard,"apple,orchard"
3,apple,autumn,"apple,tree,autumn"
2,apple,fruit,"apple,fruit"
2,apple,pie,"apple,pie"
2,apple,teacher,"apple,teacher"
2,apple,juice,"apple,juice"
-1,axe,chopping,"NOT FOUND"
-1,axe,cutting,"NOT FOUND"
-1,axe,handle,"NOT FOUND"
-1,axe,steel,"NOT FOUND"
-1,axe,metal,"NOT FOUND"
-1,axe,tree,"NOT FOUND"
-1,axe,logs,"NOT FOUND"
-1,axe,wood,"NOT FOUND"
-1,axe,spray,"NOT FOUND"
-1,axe,deodarant,"NOT FOUND"
-1,axe,lumberjack,"NOT FOUND"
-1,axe,fire,"NOT FOUND"
-1,axe,murderer,"NOT FOUND"
-1,baby,crying,"NOT FOUND"
2,baby,cute,"baby,cute"
2,baby,small,"baby,small"
2,baby,diaper,"baby,diaper"
2,baby,bottle,"baby,bottle"
-1,baby,pacifier,"NOT FOUND"
-1,baby,soother,"NOT FOUND"
2,baby,toy,"baby,toy"
2,baby,cradle,"baby,cradle"
2,baby,crib,"baby,crib"
2,baby,mother,"baby,mother"
2,baby,milk,"baby,milk"
3,baby,towel,"baby,wipe,towel"
4,baby,blanket,"baby,wipe,towel,blanket"
2,bag,shopping,"bag,shopping"
2,bag,plastic,"bag,plastic"
2,bag,paper,"bag,paper"
-1,bag,handles,"NOT FOUND"
4,bag,zipper,"bag,pocketbook,pocket,zipper"
3,bag,school,"bag,paper,school"
3,bag,hand,"bag,handle,hand"
2,bag,food,"bag,food"
2,bag,groceries,"bag,groceries"
3,bag,wallet,"bag,briefcase,wallet"
3,bag,book,"bag,paper,book"
-1,bag,laptop,"NOT FOUND"
3,bag,computer,"bag,chips,computer"
3,bag,woman,"bag,pocketbook,woman"
3,baker,hat,"baker,chef,hat"
3,baker,apron,"baker,cook,apron"
-1,baker,bakery,"NOT FOUND"
2,baker,bread,"baker,bread"
2,baker,cake,"baker,cake"
-1,baker,cookies,"NOT FOUND"
3,baker,flour,"baker,bread,flour"
-1,baker,cupcakes,"NOT FOUND"
-1,baker,pastries,"NOT FOUND"
2,baker,pie,"baker,pie"
-1,baker,muffins,"NOT FOUND"
2,baker,dough,"baker,dough"
2,baker,oven,"baker,oven"
-1,ball,bouncing,"NOT FOUND"
2,ball,game,"ball,game"
2,ball,net,"ball,net"
3,ball,hoop,"ball,round,hoop"
2,ball,basket,"ball,basket"
2,ball,beach,"ball,beach"
2,ball,park,"ball,park"
2,ball,basketball,"ball,basketball"
2,ball,sport,"ball,sport"
3,ball,dog,"ball,toy,dog"
2,ball,baseball,"ball,baseball"
2,ball,soccer,"ball,soccer"
-1,bank,investment,"NOT FOUND"
-1,bank,atm,"NOT FOUND"
2,bank,vault,"bank,vault"
2,bank,safe,"bank,safe"
3,bank,security,"bank,guard,security"
2,bank,guard,"bank,guard"
-1,bank,cash register,"NOT FOUND"
-1,bank,client,"NOT FOUND"
3,bank,customer,"bank,clerk,customer"
3,bank,cash,"bank,robber,cash"
-1,bank,currency,"NOT FOUND"
2,bank,money,"bank,money"
3,bank,cashier,"bank,clerk,cashier"
2,bank,clerk,"bank,clerk"
-1,bank,bank teller,"NOT FOUND"
3,bank,burglar,"bank,robbery,burglar"
2,bank,robber,"bank,robber"
-1,bank,visa,"NOT FOUND"
-1,bank,credit card,"NOT FOUND"
3,bank,credit,"bank,loan,credit"
2,bank,loan,"bank,loan"
-1,bank,cheque,"NOT FOUND"
2,barn,red,"barn,red"
2,barn,straw,"barn,straw"
2,barn,hay,"barn,hay"
3,barn,wood,"barn,house,wood"
2,barn,farm,"barn,farm"
2,barn,horse,"barn,horse"
2,barn,cow,"barn,cow"
3,barn,animals,"barn,cow,animals"
3,barn,pig,"barn,cow,pig"
2,barn,farmer,"barn,farmer"
2,barn,chicken,"barn,chicken"
3,barn,tractor,"barn,farm,tractor"
-1,beach,swimming,"NOT FOUND"
2,beach,sunshine,"beach,sunshine"
2,beach,sun,"beach,sun"
2,beach,sand,"beach,sand"
2,beach,water,"beach,water"
2,beach,summer,"beach,summer"
2,beach,volleyball,"beach,volleyball"
-1,beach,beachball,"NOT FOUND"
2,beach,ball,"beach,ball"
2,beach,sea,"beach,sea"
2,beach,ocean,"beach,ocean"
2,beach,towel,"beach,towel"
-1,beach,swimsuit,"NOT FOUND"
-1,beach,bikini,"NOT FOUND"
-1,beak,eat,"NOT FOUND"
-1,beak,peck,"NOT FOUND"
-1,beak,sharp,"NOT FOUND"
-1,beak,worm,"NOT FOUND"
-1,beak,nest,"NOT FOUND"
-1,beak,seeds,"NOT FOUND"
-1,beak,food,"NOT FOUND"
-1,beak,bird,"NOT FOUND"
-1,beak,duck,"NOT FOUND"
4,bear,fear,"bear,lion,coward,fear"
2,bear,brown,"bear,brown"
2,bear,big,"bear,big"
2,bear,cub,"bear,cub"
2,bear,fur,"bear,fur"
-1,bear,claws,"NOT FOUND"
3,bear,teeth,"bear,beaver,teeth"
2,bear,forest,"bear,forest"
2,bear,tree,"bear,tree"
-1,bear,den,"NOT FOUND"
2,bear,cave,"bear,cave"
4,bear,salmon,"bear,mammal,fish,salmon"
3,bear,fish,"bear,mammal,fish"
2,bear,honey,"bear,honey"
-1,bear,berries,"NOT FOUND"
3,bear,camping,"bear,woods,camping"
2,bed,sleep,"bed,sleep"
2,bed,rest,"bed,rest"
2,bed,pillow,"bed,pillow"
2,bed,sheets,"bed,sheets"
2,bed,mattress,"bed,mattress"
-1,bed,comforter,"NOT FOUND"
-1,bed,duvet,"NOT FOUND"
2,bed,bedroom,"bed,bedroom"
3,bed,house,"bed,hotel,house"
3,bed,night,"bed,bedroom,night"
2,bed,blanket,"bed,blanket"
2,bee,sting,"bee,sting"
4,bee,yellow,"bee,insect,butterfly,yellow"
3,bee,bear,"bee,honey,bear"
-1,bee,stinger,"NOT FOUND"
4,bee,stripes,"bee,killer,jail,stripes"
3,bee,nest,"bee,hive,nest"
2,bee,hive,"bee,hive"
2,bee,honey,"bee,honey"
-1,bee,pollen,"NOT FOUND"
4,bee,black,"bee,honey,bear,black"
2,bee,queen,"bee,queen"
3,bee,flower,"bee,be,flower"
3,bee,comb,"bee,honey,comb"
2,beer,wine,"beer,wine"
3,beer,chips,"beer,stale,chips"
2,beer,liquor,"beer,liquor"
2,beer,alcohol,"beer,alcohol"
2,beer,foam,"beer,foam"
2,beer,pub,"beer,pub"
2,beer,bar,"beer,bar"
2,beer,glass,"beer,glass"
2,beer,mug,"beer,mug"
3,beer,cup,"beer,mug,cup"
2,beer,bottle,"beer,bottle"
2,beer,keg,"beer,keg"
-1,beer,drunk person,"NOT FOUND"
2,beer,belly,"beer,belly"
2,beer,drink,"beer,drink"
2,beer,party,"beer,party"
2,bird,fly,"bird,fly"
2,bird,chirp,"bird,chirp"
2,bird,sing,"bird,sing"
2,bird,wings,"bird,wings"
2,bird,feather,"bird,feather"
-1,bird,beak,"NOT FOUND"
2,bird,nest,"bird,nest"
2,bird,tree,"bird,tree"
3,bird,air,"bird,flying,air"
3,bird,sky,"bird,flying,sky"
2,bird,cage,"bird,cage"
3,bird,egg,"bird,nest,egg"
2,bird,worm,"bird,worm"
-1,bird,seeds,"NOT FOUND"
2,bird,cat,"bird,cat"
-1,boat,tubing,"NOT FOUND"
2,boat,fish,"boat,fish"
-1,boat,sails,"NOT FOUND"
2,boat,anchor,"boat,anchor"
3,boat,engine,"boat,steam,engine"
2,boat,motor,"boat,motor"
-1,boat,paddles,"NOT FOUND"
2,boat,water,"boat,water"
2,boat,sea,"boat,sea"
2,boat,ocean,"boat,ocean"
3,boat,lake,"boat,moat,lake"
2,boat,river,"boat,river"
2,boat,dock,"boat,dock"
3,boat,summer,"boat,water,summer"
2,boat,captain,"boat,captain"
3,bone,strong,"bone,body,strong"
2,bone,broken,"bone,broken"
-1,bone,muscles,"NOT FOUND"
2,bone,body,"bone,body"
2,bone,marrow,"bone,marrow"
2,bone,dog,"bone,dog"
2,bone,skeleton,"bone,skeleton"
3,bone,dinosaur,"bone,teeth,dinosaur"
2,bone,cast,"bone,cast"
3,bone,milk,"bone,calcium,milk"
2,book,reading,"book,reading"
3,book,glasses,"book,reader,glasses"
2,book,page,"book,page"
2,book,paper,"book,paper"
2,book,words,"book,words"
-1,book,bookmark,"NOT FOUND"
2,book,writer,"book,writer"
2,book,author,"book,author"
2,book,cover,"book,cover"
2,book,school,"book,school"
2,book,library,"book,library"
-1,book,bookstore,"NOT FOUND"
-1,book,bookshelf,"NOT FOUND"
2,book,knowledge,"book,knowledge"
2,boy,girl,"boy,girl"
3,boy,father,"boy,son,father"
3,boy,car,"boy,toy,car"
-1,boy,penis,"NOT FOUND"
4,boy,games,"boy,partner,sex,games"
3,boy,toys,"boy,baby,toys"
3,boy,school,"boy,nerd,school"
3,boy,sports,"boy,active,sports"
2,boy,male,"boy,male"
2,boy,friend,"boy,friend"
2,builder,construction,"builder,construction"
3,builder,job,"builder,work,job"
2,builder,work,"builder,work"
3,builder,hammer,"builder,carpenter,hammer"
4,builder,helmet,"builder,body,head,helmet"
-1,builder,hardhat,"NOT FOUND"
3,builder,tools,"builder,work,tools"
-1,builder,equipment,"NOT FOUND"
-1,builder,machines,"NOT FOUND"
2,builder,house,"builder,house"
3,builder,wood,"builder,work,wood"
3,builder,brick,"builder,house,brick"
3,builder,nails,"builder,carpenter,nails"
3,builder,concrete,"builder,strong,concrete"
-1,builder,bob,"NOT FOUND"
2,cage,metal,"cage,metal"
-1,cage,bars,"NOT FOUND"
2,cage,lock,"cage,lock"
3,cage,key,"cage,lock,key"
2,cage,jail,"cage,jail"
2,cage,prison,"cage,prison"
2,cage,zoo,"cage,zoo"
2,cage,bird,"cage,bird"
2,cage,animal,"cage,animal"
3,cage,dog,"cage,fence,dog"
2,cage,lion,"cage,lion"
3,cage,criminal,"cage,prison,criminal"
2,cage,prisoner,"cage,prisoner"
-1,cake,gifts,"NOT FOUND"
-1,cake,presents,"NOT FOUND"
2,cake,frosting,"cake,frosting"
2,cake,icing,"cake,icing"
-1,cake,candles,"NOT FOUND"
2,cake,chocolate,"cake,chocolate"
2,cake,flour,"cake,flour"
3,cake,sugar,"cake,sweet,sugar"
3,cake,vanilla,"cake,ice cream,vanilla"
2,cake,cream,"cake,cream"
-1,cake,platter,"NOT FOUND"
3,cake,plate,"cake,food,plate"
4,cake,stove,"cake,baker,cook,stove"
3,cake,oven,"cake,baker,oven"
-1,cake,bakery,"NOT FOUND"
2,cake,birthday,"cake,birthday"
2,cake,party,"cake,party"
2,cake,baker,"cake,baker"
3,cake,fork,"cake,food,fork"
3,camel,spit,"camel,water,spit"
-1,camel,hump,"NOT FOUND"
2,camel,desert,"camel,desert"
3,camel,sand,"camel,egypt,sand"
2,camel,egypt,"camel,egypt"
2,camel,water,"camel,water"
3,camel,cactus,"camel,desert,cactus"
-1,camel,arabs,"NOT FOUND"
3,candle,match,"candle,light,match"
2,candle,wax,"candle,wax"
2,candle,wick,"candle,wick"
3,candle,cake,"candle,birthday,cake"
-1,candle,candleholder,"NOT FOUND"
3,candle,table,"candle,wicker,table"
2,candle,flame,"candle,flame"
2,candle,fire,"candle,fire"
2,candle,light,"candle,light"
3,candle,heat,"candle,electricity,heat"
3,candle,lighter,"candle,fire,lighter"
2,candle,birthday,"candle,birthday"
3,candle,night,"candle,flashlight,night"
3,candle,scent,"candle,incense,scent"
2,candy,sweet,"candy,sweet"
2,candy,sour,"candy,sour"
-1,candy,wrapper,"NOT FOUND"
2,candy,store,"candy,store"
3,candy,mouth,"candy,gum,mouth"
4,candy,cavity,"candy,gum,teeth,cavity"
2,candy,halloween,"candy,halloween"
2,candy,child,"candy,child"
2,candy,sugar,"candy,sugar"
-1,car,driving,"NOT FOUND"
-1,car,collision,"NOT FOUND"
2,car,accident,"car,accident"
2,car,crash,"car,crash"
-1,car,wheels,"NOT FOUND"
-1,car,tires,"NOT FOUND"
-1,car,steering wheel,"NOT FOUND"
-1,car,seats,"NOT FOUND"
2,car,engine,"car,engine"
3,car,radio,"car,console,radio"
2,car,key,"car,key"
2,car,street,"car,street"
2,car,highway,"car,highway"
2,car,road,"car,road"
2,car,garage,"car,garage"
2,car,fuel,"car,fuel"
2,car,gas,"car,gas"
2,car,speed,"car,speed"
2,car,driver,"car,driver"
2,castle,moat,"castle,moat"
-1,castle,bricks,"NOT FOUND"
-1,castle,stones,"NOT FOUND"
3,castle,bridge,"castle,moat,bridge"
2,castle,king,"castle,king"
2,castle,queen,"castle,queen"
3,castle,guard,"castle,palace,guard"
2,castle,knight,"castle,knight"
2,castle,princess,"castle,princess"
2,castle,prince,"castle,prince"
3,castle,royalty,"castle,queen,royalty"
3,castle,wealth,"castle,mansion,wealth"
3,castle,money,"castle,mansion,money"
3,castle,crown,"castle,queen,crown"
2,castle,dragon,"castle,dragon"
2,cat,meow,"cat,meow"
2,cat,dog,"cat,dog"
2,cat,fur,"cat,fur"
-1,cat,claws,"NOT FOUND"
2,cat,whiskers,"cat,whiskers"
3,cat,house,"cat,mouse,house"
4,cat,couch,"cat,stroke,comfort,couch"
2,cat,tree,"cat,tree"
2,cat,rat,"cat,rat"
2,cat,mouse,"cat,mouse"
3,cat,milk,"cat,mammal,milk"
3,cat,yarn,"cat,string,yarn"
2,cat,kitten,"cat,kitten"
3,cat,fish,"cat,seafood,fish"
2,cat,pet,"cat,pet"
-1,cat,litter box,"NOT FOUND"
3,cheese,yellow,"cheese,noodles,yellow"
2,cheese,crackers,"cheese,crackers"
2,cheese,wine,"cheese,wine"
2,cheese,milk,"cheese,milk"
3,cheese,hole,"cheese,mouse,hole"
2,cheese,pizza,"cheese,pizza"
3,cheese,trap,"cheese,mouse,trap"
-1,cheese,fridge,"NOT FOUND"
2,cheese,macaroni,"cheese,macaroni"
3,cheese,pasta,"cheese,noodles,pasta"
3,cheese,cow,"cheese,dairy,cow"
3,cheese,sandwich,"cheese,bologna,sandwich"
3,cheese,knife,"cheese,swiss,knife"
2,cheese,mouse,"cheese,mouse"
2,cheese,cheddar,"cheese,cheddar"
2,chef,cooking,"chef,cooking"
2,chef,waiter,"chef,waiter"
2,chef,hat,"chef,hat"
3,chef,knife,"chef,butcher,knife"
3,chef,pan,"chef,cook,pan"
3,chef,stove,"chef,cooking,stove"
3,chef,oven,"chef,cook,oven"
3,chef,pot,"chef,cooking,pot"
2,chef,apron,"chef,apron"
3,chef,restaurant,"chef,cook,restaurant"
3,chef,kitchen,"chef,cooking,kitchen"
2,chef,food,"chef,food"
2,chicken,chick,"chicken,chick"
2,chicken,rooster,"chicken,rooster"
2,chicken,feathers,"chicken,feathers"
2,chicken,wings,"chicken,wings"
-1,chicken,drumstick,"NOT FOUND"
2,chicken,leg,"chicken,leg"
-1,chicken,beak,"NOT FOUND"
2,chicken,farm,"chicken,farm"
3,chicken,pen,"chicken,feather,pen"
3,chicken,cage,"chicken,rib,cage"
-1,chicken,henhouse,"NOT FOUND"
-1,chicken,coop,"NOT FOUND"
2,chicken,barn,"chicken,barn"
2,chicken,egg,"chicken,egg"
-1,chicken,seeds,"NOT FOUND"
3,chicken,corn,"chicken,food,corn"
3,chicken,grain,"chicken,food,grain"
2,chicken,food,"chicken,food"
2,chicken,dinner,"chicken,dinner"
3,chicken,farmer,"chicken,food,farmer"
-1,chicken,kfc,"NOT FOUND"
2,child,young,"child,young"
3,child,innocent,"child,man,innocent"
2,child,little,"child,little"
2,child,small,"child,small"
2,child,mother,"child,mother"
3,child,toys,"child,play,toys"
2,child,school,"child,school"
-1,child,kindergarten,"NOT FOUND"
-1,child,daycare,"NOT FOUND"
3,child,playground,"child,kid,playground"
2,child,candy,"child,candy"
3,child,parents,"child,love,parents"
2,church,cross,"church,cross"
4,church,alter,"church,service,fix,alter"
2,church,choir,"church,choir"
2,church,organ,"church,organ"
2,church,sunday,"church,sunday"
2,church,god,"church,god"
2,church,priest,"church,priest"
2,church,bible,"church,bible"
-1,church,benches,"NOT FOUND"
-1,church,pews,"NOT FOUND"
2,church,religion,"church,religion"
2,church,prayer,"church,prayer"
3,church,people,"church,gathering,people"
-1,circus,cotton candy,"NOT FOUND"
2,circus,tent,"circus,tent"
2,circus,clown,"circus,clown"
2,circus,elephant,"circus,elephant"
3,circus,popcorn,"circus,peanuts,popcorn"
2,circus,lion,"circus,lion"
2,circus,show,"circus,show"
3,circus,gymnast,"circus,acrobat,gymnast"
2,circus,acrobat,"circus,acrobat"
4,clown,scary,"clown,funny,freak,scary"
2,clown,funny,"clown,funny"
3,clown,elephant,"clown,circus,elephant"
-1,clown,red nose,"NOT FOUND"
-1,clown,face paint,"NOT FOUND"
-1,clown,makeup,"NOT FOUND"
-1,clown,big shoes,"NOT FOUND"
2,clown,balloon,"clown,balloon"
-1,clown,wig,"NOT FOUND"
2,clown,circus,"clown,circus"
3,clown,party,"clown,fun,party"
3,clown,fair,"clown,fun,fair"
2,clown,carnival,"clown,carnival"
3,clown,children,"clown,fun,children"
3,clown,birthday,"clown,fun,birthday"
2,coffee,black,"coffee,black"
2,coffee,milk,"coffee,milk"
2,coffee,cream,"coffee,cream"
2,coffee,sugar,"coffee,sugar"
2,coffee,tea,"coffee,tea"
-1,coffee,donut,"NOT FOUND"
3,coffee,biscuit,"coffee,doughnut,biscuit"
3,coffee,cake,"coffee,doughnut,cake"
-1,coffee,danish,"NOT FOUND"
3,coffee,muffin,"coffee,toast,muffin"
3,coffee,pastry,"coffee,doughnut,pastry"
2,coffee,caffeine,"coffee,caffeine"
3,coffee,beans,"coffee,black,beans"
2,coffee,cup,"coffee,cup"
2,coffee,mug,"coffee,mug"
-1,coffee,tim hortons,"NOT FOUND"
-1,coffee,starbucks,"NOT FOUND"
-1,coffee,coffee shop,"NOT FOUND"
2,coffee,morning,"coffee,morning"
3,coffee,breakfast,"coffee,morning,breakfast"
2,computer,printer,"computer,printer"
2,computer,keyboard,"computer,keyboard"
4,computer,mouse,"computer,function,eat,mouse"
-1,computer,monitor,"NOT FOUND"
2,computer,screen,"computer,screen"
2,computer,games,"computer,games"
-1,computer,speakers,"NOT FOUND"
3,computer,school,"computer,system,school"
3,computer,desk,"computer,information,desk"
-1,computer,laptop,"NOT FOUND"
-1,computer,internet,"NOT FOUND"
-1,computer,facebook,"NOT FOUND"
2,cow,calf,"cow,calf"
4,cow,spots,"cow,sow,dirt,spots"
2,cow,farm,"cow,farm"
2,cow,barn,"cow,barn"
2,cow,pasture,"cow,pasture"
3,cow,field,"cow,farm,field"
2,cow,milk,"cow,milk"
3,cow,hay,"cow,haystack,hay"
3,cow,grass,"cow,meadow,grass"
2,cow,meat,"cow,meat"
2,cow,beef,"cow,beef"
2,cow,farmer,"cow,farmer"
2,crown,throne,"crown,throne"
3,crown,gold,"crown,jewel,gold"
-1,crown,gems,"NOT FOUND"
-1,crown,diamonds,"NOT FOUND"
-1,crown,jewels,"NOT FOUND"
3,crown,palace,"crown,royal,palace"
3,crown,castle,"crown,princess,castle"
2,crown,head,"crown,head"
3,crown,monarch,"crown,queen,monarch"
2,crown,king,"crown,king"
2,crown,queen,"crown,queen"
2,crown,princess,"crown,princess"
3,crown,money,"crown,royal,money"
3,crown,royalty,"crown,princess,royalty"
2,desert,sand,"desert,sand"
3,desert,heat,"desert,hot,heat"
-1,desert,pyramids,"NOT FOUND"
3,desert,water,"desert,parched,water"
2,desert,camel,"desert,camel"
2,desert,cactus,"desert,cactus"
3,desert,sun,"desert,hot,sun"
-1,desert,drought,"NOT FOUND"
-1,desert,palm tree,"NOT FOUND"
-1,diamond,ring money,"NOT FOUND"
-1,diamond,ring gold,"NOT FOUND"
-1,diamond,ring jewels,"NOT FOUND"
-1,diamond,ring finger,"NOT FOUND"
-1,diamond,ring box,"NOT FOUND"
-1,diamond,ring wedding,"NOT FOUND"
-1,diamond,ring proposal,"NOT FOUND"
-1,diamond,ring engagement,"NOT FOUND"
-1,diamond,ring jewelry,"NOT FOUND"
-1,diamond,ring girl,"NOT FOUND"
-1,diamond,ring woman,"NOT FOUND"
-1,diamond,ring rich person,"NOT FOUND"
-1,diamond,ring silver,"NOT FOUND"
2,doctor,nurse,"doctor,nurse"
-1,doctor,lab coat,"NOT FOUND"
-1,doctor,scrubs,"NOT FOUND"
4,doctor,coat,"doctor,stethoscope,cold,coat"
4,doctor,jacket,"doctor,stethoscope,cold,jacket"
3,doctor,uniform,"doctor,nurse,uniform"
-1,doctor,white coat,"NOT FOUND"
2,doctor,injection,"doctor,injection"
2,doctor,shot,"doctor,shot"
2,doctor,syringe,"doctor,syringe"
3,doctor,needle,"doctor,injection,needle"
-1,doctor,stetoscope,"NOT FOUND"
2,doctor,hospital,"doctor,hospital"
2,doctor,clinic,"doctor,clinic"
2,doctor,office,"doctor,office"
-1,doctor,medical school,"NOT FOUND"
-1,doctor,sick person,"NOT FOUND"
2,doctor,patient,"doctor,patient"
2,doctor,health,"doctor,health"
3,doctor,pill,"doctor,prescription,pill"
3,doctor,drug,"doctor,prescription,drug"
2,doctor,medicine,"doctor,medicine"
-1,dog,walking,"NOT FOUND"
-1,dog,barking,"NOT FOUND"
2,dog,cat,"dog,cat"
-1,dog,leash,"NOT FOUND"
2,dog,collar,"dog,collar"
3,dog,fur,"dog,animals,fur"
2,dog,tail,"dog,tail"
3,dog,garden,"dog,spade,garden"
3,dog,yard,"dog,house,yard"
3,dog,park,"dog,curb,park"
3,dog,home,"dog,house,home"
2,dog,house,"dog,house"
-1,dog,doghouse,"NOT FOUND"
-1,dog,kennel,"NOT FOUND"
2,dog,biscuit,"dog,biscuit"
2,dog,treat,"dog,treat"
2,dog,bone,"dog,bone"
-1,dog,kibble,"NOT FOUND"
-1,dog,dogfood,"NOT FOUND"
2,dog,companion,"dog,companion"
2,dog,friend,"dog,friend"
2,dog,pet,"dog,pet"
3,dog,ball,"dog,toy,ball"
2,dog,toy,"dog,toy"
2,dragon,scales,"dragon,scales"
3,dragon,wings,"dragon,fly,wings"
3,dragon,tail,"dragon,animal,tail"
4,dragon,teeth,"dragon,monster,vampire,teeth"
-1,dragon,fairy tale,"NOT FOUND"
2,dragon,castle,"dragon,castle"
-1,dragon,den,"NOT FOUND"
3,dragon,cave,"dragon,dungeon,cave"
2,dragon,china,"dragon,china"
3,dragon,flame,"dragon,fire,flame"
2,dragon,fire,"dragon,fire"
3,dragon,princess,"dragon,queen,princess"
2,dragon,knight,"dragon,knight"
2,dragon,sword,"dragon,sword"
-1,drugstore,sick person,"NOT FOUND"
-1,drugstore,pharmacy,"NOT FOUND"
-1,drugstore,drugs,"NOT FOUND"
-1,drugstore,pills,"NOT FOUND"
-1,drugstore,medicine,"NOT FOUND"
-1,drugstore,prescription,"NOT FOUND"
-1,drugstore,make-up,"NOT FOUND"
-1,drugstore,doctor,"NOT FOUND"
-1,drugstore,money,"NOT FOUND"
-1,drugstore,tylenol,"NOT FOUND"
-1,drugstore,advil,"NOT FOUND"
-1,drugstore,pain killer,"NOT FOUND"
-1,drugstore,candy,"NOT FOUND"
-1,drugstore,magazines,"NOT FOUND"
-1,drugstore,pharmacist,"NOT FOUND"
2,feet,smell,"feet,smell"
-1,feet,walking,"NOT FOUND"
3,feet,running,"feet,shoes,running"
2,feet,hands,"feet,hands"
2,feet,toes,"feet,toes"
3,feet,nails,"feet,hands,nails"
2,feet,shoes,"feet,shoes"
2,feet,socks,"feet,socks"
3,feet,floor,"feet,mat,floor"
-1,feet,nailpolish,"NOT FOUND"
4,feet,cream,"feet,doughnut,sweet,cream"
-1,fish,gill,"NOT FOUND"
2,fish,scales,"fish,scales"
2,fish,water,"fish,water"
2,fish,sea,"fish,sea"
2,fish,ocean,"fish,ocean"
-1,fish,fish tank,"NOT FOUND"
-1,fish,aquarium,"NOT FOUND"
2,fish,lake,"fish,lake"
2,fish,river,"fish,river"
2,fish,worm,"fish,worm"
2,fish,food,"fish,food"
2,fish,boat,"fish,boat"
-1,fish,fishing rod,"NOT FOUND"
-1,fish,sushi,"NOT FOUND"
3,fish,cat,"fish,seafood,cat"
3,flower,grass,"flower,weed,grass"
-1,flower,petal,"NOT FOUND"
2,flower,smell,"flower,smell"
3,flower,scent,"flower,smell,scent"
-1,flower,colour,"NOT FOUND"
-1,flower,pollen,"NOT FOUND"
2,flower,stem,"flower,stem"
3,flower,leaves,"flower,tree,leaves"
2,flower,vase,"flower,vase"
2,flower,garden,"flower,garden"
3,flower,soil,"flower,plant,soil"
2,flower,pot,"flower,pot"
2,flower,tree,"flower,tree"
3,flower,water,"flower,natural,water"
2,flower,spring,"flower,spring"
2,flower,rose,"flower,rose"
3,flower,bee,"flower,be,bee"
2,flower,sun,"flower,sun"
2,fly,annoying,"fly,annoying"
2,fly,wings,"fly,wings"
3,fly,eyes,"fly,flutter,eyes"
2,fly,air,"fly,air"
3,fly,sky,"fly,airplane,sky"
-1,fly,spiderweb,"NOT FOUND"
3,fly,garbage,"fly,dirty,garbage"
3,fly,summer,"fly,mosquito,summer"
2,fly,airplane,"fly,airplane"
2,fly,bug,"fly,bug"
2,fly,bird,"fly,bird"
2,fly,swatter,"fly,swatter"
2,fly,fruit,"fly,fruit"
4,fly,infection,"fly,dirty,gross,infection"
-1,fly,germs,"NOT FOUND"
2,frog,jump,"frog,jump"
2,frog,leap,"frog,leap"
2,frog,hop,"frog,hop"
-1,frog,ribbit,"NOT FOUND"
2,frog,croak,"frog,croak"
2,frog,green,"frog,green"
-1,frog,tadpole,"NOT FOUND"
3,frog,tongue,"frog,lizard,tongue"
3,frog,slime,"frog,green,slime"
-1,frog,lilypad,"NOT FOUND"
2,frog,water,"frog,water"
2,frog,pond,"frog,pond"
3,frog,swamp,"frog,pond,swamp"
2,frog,fly,"frog,fly"
2,frog,prince,"frog,prince"
3,frog,bug,"frog,ugly,bug"
3,frog,insect,"frog,fly,insect"
3,frog,princess,"frog,prince,princess"
2,garage,door,"garage,door"
3,garage,home,"garage,house,home"
-1,garage,appartment,"NOT FOUND"
2,garage,house,"garage,house"
2,garage,car,"garage,car"
3,garage,tools,"garage,shed,tools"
3,garage,trash,"garage,smell,trash"
-1,garage,garbage bins,"NOT FOUND"
2,garage,storage,"garage,storage"
3,garage,bicycle,"garage,car,bicycle"
3,gift,cake,"gift,party,cake"
-1,gift,wrapping,"NOT FOUND"
2,gift,bow,"gift,bow"
2,gift,ribbon,"gift,ribbon"
-1,gift,christmas tree,"NOT FOUND"
2,gift,box,"gift,box"
3,gift,joy,"gift,christmas,joy"
2,gift,christmas,"gift,christmas"
2,gift,birthday,"gift,birthday"
2,gift,holiday,"gift,holiday"
2,gift,present,"gift,present"
3,gift,santa,"gift,christmas,santa"
3,gift,child,"gift,blessing,child"
2,girl,pink,"girl,pink"
2,girl,female,"girl,female"
2,girl,cute,"girl,cute"
2,girl,pretty,"girl,pretty"
2,girl,boy,"girl,boy"
-1,girl,long hair,"NOT FOUND"
2,girl,dress,"girl,dress"
-1,girl,barbie,"NOT FOUND"
-1,girl,dolls,"NOT FOUND"
3,girl,clothes,"girl,used,clothes"
3,girl,flowers,"girl,pretty,flowers"
2,girl,purse,"girl,purse"
3,girl,school,"girl,friend,school"
-1,girl,makeup,"NOT FOUND"
-1,granny,knitting,"NOT FOUND"
-1,granny,old,"NOT FOUND"
-1,granny,grandpa,"NOT FOUND"
-1,granny,glasses,"NOT FOUND"
-1,granny,cane,"NOT FOUND"
-1,granny,grey hair,"NOT FOUND"
-1,granny,wrinkles,"NOT FOUND"
-1,granny,home,"NOT FOUND"
-1,granny,food,"NOT FOUND"
-1,granny,cookies,"NOT FOUND"
-1,granny,rocking chair,"NOT FOUND"
4,hammer,construction,"hammer,screwdriver,work,construction"
2,hammer,screwdriver,"hammer,screwdriver"
-1,hammer,metal head,"NOT FOUND"
-1,hammer,toolbox,"NOT FOUND"
2,hammer,nail,"hammer,nail"
3,hammer,wood,"hammer,saw,wood"
4,hammer,wall,"hammer,head,block,wall"
2,hammer,tool,"hammer,tool"
-1,hammer,handyman,"NOT FOUND"
3,hammer,hand,"hammer,nail,hand"
2,hands,feet,"hands,feet"
2,hands,arms,"hands,arms"
2,hands,legs,"hands,legs"
2,hands,fingers,"hands,fingers"
2,hands,nails,"hands,nails"
3,hands,ring,"hands,fingers,ring"
-1,hands,mittens,"NOT FOUND"
2,hands,gloves,"hands,gloves"
-1,hands,palms,"NOT FOUND"
-1,hands,nailpolish,"NOT FOUND"
4,hands,pencil,"hands,face,eyebrows,pencil"
4,hands,keyboard,"hands,shake,song,keyboard"
2,honey,sweet,"honey,sweet"
2,honey,sticky,"honey,sticky"
4,honey,nest,"honey,bee,hive,nest"
3,honey,hive,"honey,bee,hive"
2,honey,tea,"honey,tea"
-1,honey,noneycomb,"NOT FOUND"
4,honey,jar,"honey,tea,cup,jar"
-1,honey,plastic bottle,"NOT FOUND"
2,honey,bee,"honey,bee"
2,honey,bear,"honey,bear"
3,honey,flower,"honey,be,flower"
3,honey,toast,"honey,syrup,toast"
4,honey,bagel,"honey,oats,breakfast,bagel"
3,honey,bread,"honey,biscuit,bread"
2,horse,race,"horse,race"
-1,horse,riding,"NOT FOUND"
-1,horse,mane,"NOT FOUND"
-1,horse,hooves,"NOT FOUND"
-1,horse,horseshoes,"NOT FOUND"
3,horse,farm,"horse,plow,farm"
2,horse,barn,"horse,barn"
2,horse,hay,"horse,hay"
2,horse,carrot,"horse,carrot"
2,horse,animal,"horse,animal"
2,horse,rider,"horse,rider"
-1,horse,jockey,"NOT FOUND"
2,horse,cowboy,"horse,cowboy"
2,hospital,bed,"hospital,bed"
2,hospital,medicine,"hospital,medicine"
2,hospital,ambulance,"hospital,ambulance"
2,hospital,doctor,"hospital,doctor"
2,hospital,patient,"hospital,patient"
2,hospital,nurse,"hospital,nurse"
3,hospital,needle,"hospital,nurse,needle"
2,hospital,illness,"hospital,illness"
-1,hospital,desease,"NOT FOUND"
3,house,window,"house,wall,window"
3,house,bed,"house,bedroom,bed"
2,house,door,"house,door"
2,house,roof,"house,roof"
-1,house,bricks,"NOT FOUND"
2,house,kitchen,"house,kitchen"
2,house,chimney,"house,chimney"
2,house,furniture,"house,furniture"
3,house,fireplace,"house,wood,fireplace"
2,house,home,"house,home"
2,house,family,"house,family"
-1,ice-cream,cold,"NOT FOUND"
-1,ice-cream,tasty,"NOT FOUND"
-1,ice-cream,cream,"NOT FOUND"
-1,ice-cream,milk,"NOT FOUND"
-1,ice-cream,sprinkles,"NOT FOUND"
-1,ice-cream,sugar,"NOT FOUND"
-1,ice-cream,cone,"NOT FOUND"
-1,ice-cream,bowl,"NOT FOUND"
-1,ice-cream,fridge,"NOT FOUND"
-1,ice-cream,freezer,"NOT FOUND"
-1,ice-cream,truck,"NOT FOUND"
-1,ice-cream,kid,"NOT FOUND"
-1,ice-cream,child,"NOT FOUND"
-1,ice-cream,summer,"NOT FOUND"
-1,ice-cream,spoon,"NOT FOUND"
-1,ice-cream,chocolate,"NOT FOUND"
-1,ice-cream,vanilla,"NOT FOUND"
-1,key,unlock,"NOT FOUND"
2,key,open,"key,open"
4,key,metal,"key,board,wood,metal"
2,key,chain,"key,chain"
2,key,lock,"key,lock"
2,key,door,"key,door"
2,key,car,"key,car"
-1,key,treasure chest,"NOT FOUND"
3,key,safe,"key,lock,safe"
3,key,house,"key,door,house"
4,key,heart,"key,type,blood,heart"
2,king,queen,"king,queen"
2,king,princess,"king,princess"
2,king,prince,"king,prince"
2,king,crown,"king,crown"
3,king,money,"king,pawn,money"
2,king,power,"king,power"
2,king,kingdom,"king,kingdom"
2,king,palace,"king,palace"
2,king,castle,"king,castle"
2,king,throne,"king,throne"
2,king,leader,"king,leader"
2,king,ruler,"king,ruler"
-1,king,knights,"NOT FOUND"
-1,knife,chopping,"NOT FOUND"
-1,knife,cutting,"NOT FOUND"
2,knife,sharp,"knife,sharp"
2,knife,fork,"knife,fork"
2,knife,spoon,"knife,spoon"
3,knife,dish,"knife,spoon,dish"
3,knife,plate,"knife,spoon,plate"
-1,knife,cutting board,"NOT FOUND"
3,knife,steel,"knife,sword,steel"
3,knife,metal,"knife,scalpel,metal"
2,knife,kitchen,"knife,kitchen"
3,knife,table,"knife,kitchen,table"
3,knife,meat,"knife,steak,meat"
2,knife,steak,"knife,steak"
3,knife,food,"knife,spoon,food"
3,knife,blood,"knife,murderer,blood"
3,knife,bread,"knife,butter,bread"
2,knife,butter,"knife,butter"
4,knife,meal,"knife,spoon,food,meal"
3,knife,dinner,"knife,steak,dinner"
3,knife,killer,"knife,murderer,killer"
2,knife,murderer,"knife,murderer"
4,lamp,read,"lamp,desk,paper,read"
3,lamp,study,"lamp,desk,study"
3,lamp,bright,"lamp,bulb,bright"
2,lamp,bulb,"lamp,bulb"
2,lamp,shade,"lamp,shade"
3,lamp,switch,"lamp,light,switch"
2,lamp,desk,"lamp,desk"
2,lamp,table,"lamp,table"
3,lamp,bedroom,"lamp,light,bedroom"
4,lamp,home,"lamp,antique,furniture,home"
3,lamp,house,"lamp,light,house"
3,lamp,night,"lamp,flashlight,night"
2,lamp,light,"lamp,light"
3,lamp,electricity,"lamp,light,electricity"
-1,leash,walk,"NOT FOUND"
-1,leash,control,"NOT FOUND"
-1,leash,collar,"NOT FOUND"
-1,leash,leather,"NOT FOUND"
-1,leash,neck,"NOT FOUND"
-1,leash,dog,"NOT FOUND"
-1,leash,pet,"NOT FOUND"
-1,leash,park,"NOT FOUND"
-1,leash,owner,"NOT FOUND"
-1,leash,cat,"NOT FOUND"
2,letter,paper,"letter,paper"
2,letter,stamp,"letter,stamp"
2,letter,mail,"letter,mail"
2,letter,envelope,"letter,envelope"
2,letter,mailbox,"letter,mailbox"
-1,letter,post office,"NOT FOUND"
-1,letter,letter opener,"NOT FOUND"
3,letter,pen,"letter,paper,pen"
3,letter,words,"letter,type,words"
3,letter,pencil,"letter,paper,pencil"
2,letter,alphabet,"letter,alphabet"
3,letter,ink,"letter,paper,ink"
2,letter,mailman,"letter,mailman"
2,lion,roar,"lion,roar"
2,lion,tiger,"lion,tiger"
4,lion,teeth,"lion,zoo,walrus,teeth"
4,lion,hair,"lion,panther,black,hair"
-1,lion,mane,"NOT FOUND"
3,lion,fur,"lion,animals,fur"
2,lion,safari,"lion,safari"
2,lion,africa,"lion,africa"
2,lion,zoo,"lion,zoo"
2,lion,jungle,"lion,jungle"
-1,lion,savannah,"NOT FOUND"
-1,lion,grassland,"NOT FOUND"
2,lion,cub,"lion,cub"
3,lion,antelope,"lion,animal,antelope"
3,lion,gazelle,"lion,zoo,gazelle"
3,lion,deer,"lion,animal,deer"
4,lion,meat,"lion,cage,ribs,meat"
2,lion,king,"lion,king"
2,man,woman,"man,woman"
3,man,children,"man,innocent,children"
3,man,truck,"man,garbage,truck"
3,man,car,"man,bravado,car"
3,man,hair,"man,mustache,hair"
3,man,hammer,"man,hit,hammer"
3,man,tools,"man,technician,tools"
2,man,beard,"man,beard"
-1,man,muscles,"NOT FOUND"
2,man,father,"man,father"
3,man,power,"man,leader,power"
4,man,sport,"man,plaything,fun,sport"
-1,mechanic,fixing,"NOT FOUND"
-1,mechanic,toolbox,"NOT FOUND"
3,mechanic,tools,"mechanic,technician,tools"
3,mechanic,dirt,"mechanic,dirty,dirt"
2,mechanic,grease,"mechanic,grease"
2,mechanic,wrench,"mechanic,wrench"
-1,mechanic,jumpsuit,"NOT FOUND"
-1,mechanic,overalls,"NOT FOUND"
3,mechanic,uniform,"mechanic,worker,uniform"
3,mechanic,hammer,"mechanic,tool,hammer"
-1,mechanic,autoshop,"NOT FOUND"
-1,mechanic,workshop,"NOT FOUND"
3,mechanic,garage,"mechanic,car,garage"
2,mechanic,machine,"mechanic,machine"
2,mechanic,car,"mechanic,car"
2,mechanic,oil,"mechanic,oil"
3,mechanic,tire,"mechanic,car,tire"
2,mechanic,engine,"mechanic,engine"
2,milk,chocolate,"milk,chocolate"
2,milk,white,"milk,white"
-1,milk,cookies,"NOT FOUND"
2,milk,calcium,"milk,calcium"
2,milk,cereal,"milk,cereal"
3,milk,bag,"milk,grocery,bag"
3,milk,container,"milk,juice,container"
2,milk,carton,"milk,carton"
3,milk,cup,"milk,coffee,cup"
3,milk,glass,"milk,juice,glass"
3,milk,farm,"milk,cow,farm"
-1,milk,fridge,"NOT FOUND"
-1,milk,grocery store,"NOT FOUND"
2,milk,jug,"milk,jug"
3,milk,breakfast,"milk,egg,breakfast"
2,milk,cow,"milk,cow"
2,milk,cheese,"milk,cheese"
2,milk,baby,"milk,baby"
2,milk,goat,"milk,goat"
3,monkey,hair,"monkey,grease,hair"
3,monkey,fur,"monkey,animals,fur"
3,monkey,tail,"monkey,animal,tail"
2,monkey,tree,"monkey,tree"
2,monkey,zoo,"monkey,zoo"
-1,monkey,rainforest,"NOT FOUND"
2,monkey,jungle,"monkey,jungle"
3,monkey,circus,"monkey,animal,circus"
-1,monkey,vines,"NOT FOUND"
2,monkey,banana,"monkey,banana"
2,monkey,human,"monkey,human"
-1,mouse,small size,"NOT FOUND"
4,mouse,computer,"mouse,small,bit,computer"
3,mouse,whiskers,"mouse,cat,whiskers"
2,mouse,tail,"mouse,tail"
2,mouse,trap,"mouse,trap"
2,mouse,hole,"mouse,hole"
2,mouse,house,"mouse,house"
3,mouse,basement,"mouse,house,basement"
2,mouse,cheese,"mouse,cheese"
2,mouse,cat,"mouse,cat"
2,paper,writing,"paper,writing"
2,paper,white,"paper,white"
2,paper,pencil,"paper,pencil"
2,paper,pen,"paper,pen"
2,paper,printer,"paper,printer"
2,paper,school,"paper,school"
3,paper,airplane,"paper,fly,airplane"
-1,paper,origami,"NOT FOUND"
2,paper,tree,"paper,tree"
2,paper,book,"paper,book"
2,paper,homework,"paper,homework"
2,paper,notebook,"paper,notebook"
2,paper,notes,"paper,notes"
-1,paper,stationary,"NOT FOUND"
2,paper,letter,"paper,letter"
2,paper,scissors,"paper,scissors"
2,pencil,writing,"pencil,writing"
2,pencil,drawing,"pencil,drawing"
2,pencil,eraser,"pencil,eraser"
2,pencil,pen,"pencil,pen"
-1,pencil,sharpener,"NOT FOUND"
-1,pencil,graphite,"NOT FOUND"
2,pencil,lead,"pencil,lead"
2,pencil,wood,"pencil,wood"
3,pencil,school,"pencil,paper,school"
3,pencil,case,"pencil,point,case"
3,pencil,table,"pencil,wood,table"
2,pencil,desk,"pencil,desk"
3,pencil,hand,"pencil,holder,hand"
4,pencil,exam,"pencil,wood,hard,exam"
4,pencil,test,"pencil,ruler,math,test"
2,pencil,paper,"pencil,paper"
-1,pie,whipped cream,"NOT FOUND"
-1,pie,ice-cream,"NOT FOUND"
2,pie,apple,"pie,apple"
2,pie,crust,"pie,crust"
2,pie,cherry,"pie,cherry"
2,pie,pumpkin,"pie,pumpkin"
-1,pie,filling,"NOT FOUND"
2,pie,blueberry,"pie,blueberry"
3,pie,oven,"pie,baker,oven"
3,pie,plate,"pie,food,plate"
3,pie,thanksgiving,"pie,food,thanksgiving"
2,pie,dessert,"pie,dessert"
3,pie,fork,"pie,food,fork"
2,pie,baker,"pie,baker"
3,pilot,flight,"pilot,passenger,flight"
-1,pilot,flight attendant,"NOT FOUND"
3,pilot,uniform,"pilot,air force,uniform"
-1,pilot,goggles,"NOT FOUND"
4,pilot,cap,"pilot,commander,head,cap"
4,pilot,hat,"pilot,commander,head,hat"
3,pilot,air,"pilot,plane,air"
3,pilot,sky,"pilot,plane,sky"
3,pilot,airport,"pilot,plane,airport"
2,pilot,airplane,"pilot,airplane"
2,pilot,passenger,"pilot,passenger"
2,pilot,helicopter,"pilot,helicopter"
2,plate,fork,"plate,fork"
3,plate,knife,"plate,spoon,knife"
2,plate,spoon,"plate,spoon"
2,plate,cup,"plate,cup"
2,plate,napkin,"plate,napkin"
-1,plate,utensils,"NOT FOUND"
2,plate,food,"plate,food"
3,plate,table,"plate,napkin,table"
3,plate,dishwasher,"plate,food,dishwasher"
3,plate,kitchen,"plate,food,kitchen"
3,plate,meal,"plate,food,meal"
2,plate,dinner,"plate,dinner"
-1,police,officer gun,"NOT FOUND"
-1,police,officer uniform,"NOT FOUND"
-1,police,officer badge,"NOT FOUND"
-1,police,officer handcuffs,"NOT FOUND"
-1,police,officer law,"NOT FOUND"
-1,police,officer criminal,"NOT FOUND"
-1,police,officer police car,"NOT FOUND"
-1,police,officer siren,"NOT FOUND"
-1,postman,delivery,"NOT FOUND"
-1,postman,car,"NOT FOUND"
-1,postman,delivery truck,"NOT FOUND"
-1,postman,satchel,"NOT FOUND"
-1,postman,bag,"NOT FOUND"
-1,postman,shorts,"NOT FOUND"
-1,postman,uniform,"NOT FOUND"
-1,postman,post office,"NOT FOUND"
-1,postman,mailbox,"NOT FOUND"
-1,postman,mail,"NOT FOUND"
-1,postman,dog,"NOT FOUND"
-1,postman,letter,"NOT FOUND"
-1,postman,boxes,"NOT FOUND"
-1,postman,parcel,"NOT FOUND"
-1,postman,packages,"NOT FOUND"
-1,postman,stamps,"NOT FOUND"
-1,postman,envelope,"NOT FOUND"
2,pumpkin,orange,"pumpkin,orange"
3,pumpkin,candy,"pumpkin,halloween,candy"
-1,pumpkin,seeds,"NOT FOUND"
2,pumpkin,patch,"pumpkin,patch"
3,pumpkin,field,"pumpkin,harvest,field"
3,pumpkin,farm,"pumpkin,seed,farm"
2,pumpkin,halloween,"pumpkin,halloween"
4,pumpkin,autumn,"pumpkin,seed,tree,autumn"
2,pumpkin,pie,"pumpkin,pie"
4,pumpkin,knife,"pumpkin,head,ax,knife"
4,pumpkin,light,"pumpkin,head,idea,light"
4,pumpkin,candle,"pumpkin,orange,flame,candle"
-1,pumpkin,jack-o-lantern,"NOT FOUND"
-1,rabbit,jumping,"NOT FOUND"
-1,rabbit,hopping,"NOT FOUND"
2,rabbit,fur,"rabbit,fur"
2,rabbit,ears,"rabbit,ears"
3,rabbit,tail,"rabbit,bunny,tail"
3,rabbit,teeth,"rabbit,white,teeth"
-1,rabbit,burrow,"NOT FOUND"
2,rabbit,hole,"rabbit,hole"
4,rabbit,grass,"rabbit,cabbage,green,grass"
3,rabbit,cage,"rabbit,trap,cage"
2,rabbit,carrot,"rabbit,carrot"
2,rabbit,cabbage,"rabbit,cabbage"
2,rabbit,lettuce,"rabbit,lettuce"
2,rabbit,easter,"rabbit,easter"
2,rabbit,bunny,"rabbit,bunny"
3,rabbit,pet,"rabbit,cat,pet"
3,restaurant,table,"restaurant,booth,table"
3,restaurant,dish,"restaurant,food,dish"
3,restaurant,plate,"restaurant,food,plate"
-1,restaurant,menu,"NOT FOUND"
2,restaurant,food,"restaurant,food"
3,restaurant,money,"restaurant,tip,money"
2,restaurant,waitress,"restaurant,waitress"
2,restaurant,waiter,"restaurant,waiter"
3,restaurant,chef,"restaurant,food,chef"
3,restaurant,drink,"restaurant,food,drink"
-1,river,swimming,"NOT FOUND"
2,river,lake,"river,lake"
2,river,ocean,"river,ocean"
2,river,water,"river,water"
2,river,fish,"river,fish"
2,river,flow,"river,flow"
2,river,current,"river,current"
4,river,trees,"river,overflow,abundance,trees"
3,river,forest,"river,lake,forest"
-1,river,stones,"NOT FOUND"
2,river,rocks,"river,rocks"
2,river,canoe,"river,canoe"
-1,river,kayak,"NOT FOUND"
2,river,boat,"river,boat"
-1,river,wildlife,"NOT FOUND"
4,river,animals,"river,canal,dog,animals"
2,santa,reindeer,"santa,reindeer"
-1,santa,sled,"NOT FOUND"
2,santa,sleigh,"santa,sleigh"
4,santa,suit,"santa,lie,slander,suit"
-1,santa,red coat,"NOT FOUND"
2,santa,beard,"santa,beard"
5,santa,cap,"santa,christmas,adorn,shower,cap"
4,santa,hat,"santa,helper,worker,hat"
2,santa,chimney,"santa,chimney"
-1,santa,gifts,"NOT FOUND"
-1,santa,presents,"NOT FOUND"
-1,santa,cookies,"NOT FOUND"
3,santa,children,"santa,toys,children"
2,santa,christmas,"santa,christmas"
-1,santa,elves,"NOT FOUND"
3,santa,snow,"santa,christmas,snow"
3,santa,tree,"santa,christmas,tree"
2,school,learning,"school,learning"
-1,school,school bus,"NOT FOUND"
-1,school,books,"NOT FOUND"
2,school,desk,"school,desk"
2,school,blackboard,"school,blackboard"
-1,school,classroom,"NOT FOUND"
-1,school,lockers,"NOT FOUND"
2,school,teacher,"school,teacher"
2,school,homework,"school,homework"
2,school,children,"school,children"
-1,school,students,"NOT FOUND"
3,school,exam,"school,review,exam"
2,school,test,"school,test"
3,school,pencil,"school,bookbag,pencil"
-1,school,classmates,"NOT FOUND"
3,school,friends,"school,important,friends"
2,scissors,cut,"scissors,cut"
2,scissors,sharp,"scissors,sharp"
4,scissors,rock,"scissors,sharp,chisel,rock"
3,scissors,glue,"scissors,paper,glue"
2,scissors,knife,"scissors,knife"
3,scissors,blade,"scissors,sharp,blade"
3,scissors,metal,"scissors,scalpel,metal"
3,scissors,school,"scissors,paper,school"
2,scissors,paper,"scissors,paper"
4,scissors,craft,"scissors,paper,wood,craft"
-1,scissors,artwork,"NOT FOUND"
3,scissors,hair,"scissors,tweezers,hair"
3,scissors,hand,"scissors,cut,hand"
2,sheep,white,"sheep,white"
2,sheep,lamb,"sheep,lamb"
-1,sheep,dogs,"NOT FOUND"
3,sheep,fur,"sheep,animal,fur"
2,sheep,wool,"sheep,wool"
2,sheep,farm,"sheep,farm"
3,sheep,barn,"sheep,cow,barn"
3,sheep,pasture,"sheep,cow,pasture"
2,sheep,meadow,"sheep,meadow"
2,sheep,field,"sheep,field"
3,sheep,hay,"sheep,farm,hay"
3,sheep,grass,"sheep,meadow,grass"
2,sheep,sweater,"sheep,sweater"
4,sheep,scissors,"sheep,white,paper,scissors"
4,sheep,shears,"sheep,skin,hair,shears"
-1,sheep,herder,"NOT FOUND"
-1,sheep,shepard,"NOT FOUND"
3,sheep,wolf,"sheep,lamb,wolf"
-1,sheep,flock,"NOT FOUND"
2,sheep,herd,"sheep,herd"
3,ship,fish,"ship,sinker,fish"
2,ship,cruise,"ship,cruise"
-1,ship,sails,"NOT FOUND"
2,ship,crew,"ship,crew"
2,ship,sailor,"ship,sailor"
2,ship,captain,"ship,captain"
-1,ship,plank,"NOT FOUND"
-1,ship,mast,"NOT FOUND"
2,ship,anchor,"ship,anchor"
2,ship,flag,"ship,flag"
2,ship,sea,"ship,sea"
2,ship,ocean,"ship,ocean"
2,ship,water,"ship,water"
-1,ship,harbour,"NOT FOUND"
2,ship,port,"ship,port"
2,ship,dock,"ship,dock"
4,ship,goods,"ship,space,storage,goods"
-1,ship,merchandise,"NOT FOUND"
-1,ship,cargo,"NOT FOUND"
2,ship,boat,"ship,boat"
-1,ship,titanic,"NOT FOUND"
2,ship,pirate,"ship,pirate"
3,ship,people,"ship,crew,people"
4,ship,passenger,"ship,board,plane,passenger"
2,shoes,running,"shoes,running"
2,shoes,socks,"shoes,socks"
-1,shoes,shoelaces,"NOT FOUND"
-1,shoes,laces,"NOT FOUND"
-1,shoes,velcro,"NOT FOUND"
4,shoes,store,"shoes,leather,goods,store"
-1,shoes,holt renfrew,"NOT FOUND"
4,shoes,mall,"shoes,sneaky,people,mall"
3,shoes,floor,"shoes,gym,floor"
4,shoes,ground,"shoes,boot,camp,ground"
-1,shoes,shoebox,"NOT FOUND"
4,shoes,box,"shoes,boot,shoe,box"
3,shoes,toes,"shoes,feet,toes"
2,shoes,feet,"shoes,feet"
-1,shoes,high heels,"NOT FOUND"
-1,shoes,heels,"NOT FOUND"
3,shoes,mud,"shoes,boots,mud"
4,shoes,dirt,"shoes,boot,black,dirt"
-1,shoes,soles,"NOT FOUND"
2,shoes,leather,"shoes,leather"
-1,shoes,nike,"NOT FOUND"
-1,shoes,converse,"NOT FOUND"
2,shoes,sneakers,"shoes,sneakers"
2,shoes,boots,"shoes,boots"
3,spider,fear,"spider,snake,fear"
4,spider,scare,"spider,snake,fear,scare"
3,spider,black,"spider,bug,black"
2,spider,legs,"spider,legs"
3,spider,venom,"spider,snake,venom"
3,spider,poison,"spider,snake,poison"
4,spider,house,"spider,snake,shed,house"
4,spider,corner,"spider,monkey,around,corner"
2,spider,fly,"spider,fly"
4,spider,halloween,"spider,bug,black,halloween"
2,spider,insect,"spider,insect"
2,spider,bug,"spider,bug"
4,spider,shoe,"spider,snake,tread,shoe"
4,spider,net,"spider,insect,mosquito,net"
3,spider,cob,"spider,web,cob"
2,spider,web,"spider,web"
3,student,learning,"student,education,learning"
-1,student,getting education,"NOT FOUND"
-1,student,studying,"NOT FOUND"
2,student,teacher,"student,teacher"
4,student,computer,"student,work,technician,computer"
-1,student,laptop,"NOT FOUND"
2,student,backpack,"student,backpack"
2,student,school,"student,school"
2,student,college,"student,college"
2,student,university,"student,university"
2,student,class,"student,class"
2,student,desk,"student,desk"
3,student,assignment,"student,work,assignment"
3,student,homework,"student,work,homework"
-1,student,textbooks,"NOT FOUND"
-1,student,books,"NOT FOUND"
3,student,pencil,"student,desk,pencil"
3,student,notebook,"student,work,notebook"
2,table,chair,"table,chair"
-1,table,tablecloth,"NOT FOUND"
2,table,wood,"table,wood"
2,table,legs,"table,legs"
2,table,kitchen,"table,kitchen"
3,table,meal,"table,banquet,meal"
2,table,dinner,"table,dinner"
3,table,food,"table,banquet,food"
3,table,dish,"table,kitchen,dish"
3,table,plate,"table,napkin,plate"
3,table,homework,"table,desk,homework"
-1,table,cutlery,"NOT FOUND"
-1,teacher,teaching,"NOT FOUND"
3,teacher,chalk,"teacher,blackboard,chalk"
-1,teacher,whiteboard,"NOT FOUND"
2,teacher,blackboard,"teacher,blackboard"
-1,teacher,books,"NOT FOUND"
2,teacher,school,"teacher,school"
2,teacher,desk,"teacher,desk"
-1,teacher,classroom,"NOT FOUND"
2,teacher,apple,"teacher,apple"
2,teacher,class,"teacher,class"
-1,teacher,students,"NOT FOUND"
3,teacher,homework,"teacher,instructions,homework"
2,tree,green,"tree,green"
2,tree,leaves,"tree,leaves"
-1,tree,branches,"NOT FOUND"
2,tree,bark,"tree,bark"
-1,tree,roots,"NOT FOUND"
2,tree,fruit,"tree,fruit"
3,tree,nest,"tree,bird,nest"
2,tree,trunk,"tree,trunk"
2,tree,wood,"tree,wood"
-1,tree,forrest,"NOT FOUND"
3,tree,earth,"tree,environment,earth"
3,tree,soil,"tree,plant,soil"
3,tree,ground,"tree,fell,ground"
2,tree,squirrel,"tree,squirrel"
3,tree,water,"tree,beaver,water"
2,tree,bird,"tree,bird"
2,vase,break,"vase,break"
3,vase,pretty,"vase,flowers,pretty"
2,vase,water,"vase,water"
2,vase,crystal,"vase,crystal"
2,vase,glass,"vase,glass"
4,vase,table,"vase,antique,chair,table"
3,vase,decoration,"vase,flowers,decoration"
2,vase,flower,"vase,flower"
2,waitress,waiter,"waitress,waiter"
3,waitress,apron,"waitress,cook,apron"
4,waitress,paper,"waitress,tip,pencil,paper"
-1,waitress,notepad,"NOT FOUND"
-1,waitress,menu,"NOT FOUND"
2,waitress,restaurant,"waitress,restaurant"
2,waitress,food,"waitress,food"
-1,waitress,tips,"NOT FOUND"
2,waitress,money,"waitress,money"
3,waitress,plate,"waitress,tray,plate"
3,waitress,drink,"waitress,cocktail,drink"
3,waitress,girl,"waitress,women,girl"
2,witch,green,"witch,green"
-1,witch,wizard,"NOT FOUND"
3,witch,pumpkin,"witch,halloween,pumpkin"
-1,witch,broomstick,"NOT FOUND"
-1,witch,besom,"NOT FOUND"
2,witch,broom,"witch,broom"
4,witch,pot,"witch,ghost,pottery,pot"
-1,witch,cauldron,"NOT FOUND"
3,witch,hat,"witch,magic,hat"
2,witch,spell,"witch,spell"
2,witch,magic,"witch,magic"
-1,witch,pointy,"NOT FOUND"
-1,witch,long nose,"NOT FOUND"
2,witch,wart,"witch,wart"
2,witch,cat,"witch,cat"
2,witch,wand,"witch,wand"
4,witch,coat,"witch,magic,hat,coat"
-1,witch,dark clothing,"NOT FOUND"
3,witch,cape,"witch,black,cape"
4,witch,robe,"witch,woman,dress,robe"
2,witch,halloween,"witch,halloween"
2,witch,evil,"witch,evil"
3,woman,cooking,"woman,cleaning,cooking"
2,woman,man,"woman,man"
3,woman,children,"woman,young,children"
-1,woman,long hair,"NOT FOUND"
2,woman,dress,"woman,dress"
4,woman,shoes,"woman,sex,rubber,shoes"
3,woman,clothes,"woman,lingerie,clothes"
2,woman,beauty,"woman,beauty"
-1,woman,jewellery,"NOT FOUND"
3,woman,purse,"woman,pocketbook,purse"
2,woman,mascara,"woman,mascara"
2,woman,lipstick,"woman,lipstick"
-1,woman,makeup,"NOT FOUND"
2,woman,mother,"woman,mother"
