airplane,air,0.37
airplane,airport,0.7
airplane,attendant,0.42
airplane,cloud,0.16
airplane,flight,0.73
airplane,food,0.05
airplane,journey,0.15
airplane,luggage,0.23
airplane,meal,0.04
airplane,passenger,0.56
airplane,pilot,0.75
airplane,runway,0.77
airplane,seat,0.27
airplane,sky,0.24
airplane,stewardess,0.61
airplane,suitcase,0.2
airplane,travel,0.4
airplane,trip,0.43
airplane,wings,0.43
apple,autumn,0.27
apple,banana,0.32
apple,core,0.18
apple,fruit,0.47
apple,green,0.2
apple,juice,0.23
apple,leaf,0.2
apple,orange,0.42
apple,orchard,0.41
apple,pie,0.47
apple,red,0.27
apple,seed,0.24
apple,teacher,0.07
apple,tree,0.47
apple,worm,0.14
ax,chop,0.51
ax,cut,0.41
ax,deodarant,N/A
ax,fire,0.15
ax,handle,0.22
ax,log,0.57
ax,lumberjack,0.18
ax,metal,0.08
ax,murderer,0.09
ax,spray,0.01
ax,steel,0.06
ax,tree,0.45
ax,wood,0.41
baby,blanket,0.2
baby,bottle,0.2
baby,cradle,0.45
baby,crib,0.64
baby,cry,0.52
baby,cute,0.41
baby,diaper,0.66
baby,milk,0.24
baby,mother,0.54
baby,pacify,-0.0
baby,small,0.15
baby,sooth,-0.01
baby,towel,0.09
baby,toy,0.29
bag,book,0.07
bag,computer,0.02
bag,food,0.13
bag,groceries,0.39
bag,hand,0.35
bag,handle,0.22
bag,laptop,N/A
bag,paper,0.31
bag,plastic,0.26
bag,school,0.13
bag,shopping,0.29
bag,wallet,0.44
bag,woman,0.22
bag,zipper,0.45
baker,apron,0.2
baker,bakery,0.32
baker,bread,0.29
baker,cake,0.26
baker,cookie,0.18
baker,cupcake,0.01
baker,dough,0.29
baker,flour,0.26
baker,hat,0.33
baker,muffin,0.12
baker,oven,0.12
baker,pastry,0.34
baker,pie,0.23
ball,baseball,0.69
ball,basket,0.52
ball,basketball,0.54
ball,beach,0.03
ball,bounce,0.64
ball,dog,0.06
ball,game,0.63
ball,hoop,0.46
ball,net,0.17
ball,park,0.28
ball,soccer,0.64
ball,sport,0.38
bank,atm,0.0
bank,bank,1.0
bank,burglar,0.01
bank,card,0.14
bank,cash,0.28
bank,cashier,0.35
bank,cheque,0.03
bank,clerk,0.2
bank,client,0.02
bank,credit,0.26
bank,currency,0.47
bank,customer,0.11
bank,guard,0.08
bank,investment,0.2
bank,loan,0.56
bank,money,0.33
bank,register,0.19
bank,robber,0.07
bank,safe,0.21
bank,security,0.17
bank,teller,0.8
bank,vault,0.44
bank,visa,0.18
barn,animals,0.14
barn,chicken,0.35
barn,cow,0.63
barn,farm,0.51
barn,farmer,0.46
barn,hay,0.73
barn,horse,0.4
barn,pig,0.33
barn,red,0.22
barn,straw,0.45
barn,tractor,0.46
barn,wood,0.21
beach,ball,0.03
beach,beachball,N/A
beach,bikini,0.26
beach,ocean,0.31
beach,sand,0.73
beach,sea,0.43
beach,summer,0.26
beach,sun,0.23
beach,sunshine,0.17
beach,swim,0.34
beach,swimsuit,0.06
beach,towel,0.2
beach,volleyball,0.06
beach,water,0.27
beak,bird,0.87
beak,duck,0.43
beak,eat,0.23
beak,food,0.17
beak,nest,0.73
beak,peck,0.5
beak,seed,0.09
beak,sharp,0.36
beak,worm,0.15
bear,berry,0.1
bear,big,0.25
bear,brown,0.3
bear,camping,0.14
bear,cave,0.33
bear,claw,0.12
bear,cub,0.74
bear,den,0.45
bear,fear,0.08
bear,fish,0.05
bear,forest,0.18
bear,fur,0.36
bear,honey,0.25
bear,salmon,0.11
bear,teeth,0.03
bear,tree,0.09
bed,bedroom,0.79
bed,blanket,0.66
bed,comforter,0.33
bed,duvet,N/A
bed,house,0.2
bed,mattress,0.63
bed,night,0.6
bed,pillow,0.81
bed,rest,0.4
bed,sheets,0.22
bed,sleep,0.72
bee,bear,0.1
bee,black,0.02
bee,comb,0.07
bee,flower,0.7
bee,hive,0.92
bee,honey,0.78
bee,nest,0.25
bee,pollen,0.79
bee,queen,0.26
bee,sting,0.62
bee,stinger,0.54
bee,stripes,0.02
bee,yellow,0.17
beer,alcohol,0.88
beer,bar,0.14
beer,belly,0.14
beer,bottle,0.38
beer,chips,0.07
beer,cup,0.32
beer,drink,0.84
beer,drunk,0.82
beer,foam,0.04
beer,glass,0.26
beer,keg,0.16
beer,liquor,0.92
beer,mug,0.24
beer,party,0.04
beer,person,0.12
beer,pub,0.19
beer,wine,0.85
bird,air,0.11
bird,beak,0.87
bird,cage,0.35
bird,cat,0.26
bird,chirp,0.4
bird,egg,0.19
bird,feather,0.62
bird,fly,0.7
bird,nest,0.78
bird,seed,0.12
bird,sing,0.34
bird,sky,0.2
bird,tree,0.22
bird,wings,0.78
bird,worm,0.09
boat,anchor,0.5
boat,captain,0.55
boat,dock,0.77
boat,engine,0.13
boat,fish,0.29
boat,lake,0.25
boat,motor,0.13
boat,ocean,0.09
boat,paddle,0.75
boat,river,0.28
boat,sail,0.47
boat,sea,0.36
boat,summer,0.09
boat,tube,0.04
boat,water,0.27
bone,body,0.27
bone,broken,0.23
bone,cast,0.22
bone,dinosaur,0.34
bone,dog,0.06
bone,marrow,0.84
bone,milk,0.09
bone,muscle,0.49
bone,skeleton,0.84
bone,strong,0.23
book,author,0.53
book,bookmark,0.28
book,bookshelf,0.06
book,bookstore,0.29
book,cover,0.22
book,glasses,0.12
book,knowledge,0.15
book,library,0.74
book,page,0.28
book,paper,0.11
book,reading,0.49
book,school,0.12
book,words,0.15
book,writer,0.17
boy,car,0.04
boy,father,0.34
boy,friend,0.21
boy,games,0.1
boy,girl,0.53
boy,male,0.04
boy,penis,0.08
boy,school,0.17
boy,sports,0.04
boy,toys,0.2
builder,bob,0.13
builder,brick,0.26
builder,concrete,0.27
builder,construction,0.37
builder,equipment,0.07
builder,hammer,0.2
builder,hardhat,N/A
builder,helmet,0.07
builder,house,0.11
builder,job,0.13
builder,machine,0.09
builder,nails,0.25
builder,tools,0.21
builder,wood,0.16
builder,work,0.19
cage,animal,0.29
cage,bar,0.19
cage,bird,0.35
cage,criminal,0.03
cage,dog,0.16
cage,jail,0.1
cage,key,0.08
cage,lion,0.55
cage,lock,0.42
cage,metal,0.07
cage,prison,0.1
cage,prisoner,0.18
cage,zoo,0.45
cake,baker,0.26
cake,bakery,0.37
cake,birthday,0.5
cake,candle,0.17
cake,chocolate,0.54
cake,cream,0.48
cake,flour,0.54
cake,fork,0.23
cake,frosting,0.55
cake,gift,0.18
cake,icing,0.24
cake,oven,0.44
cake,party,0.16
cake,plate,0.25
cake,platter,0.41
cake,present,0.09
cake,stove,0.36
cake,sugar,0.35
cake,vanilla,0.54
camel,arab,0.54
camel,cactus,0.4
camel,desert,0.63
camel,egypt,0.34
camel,hump,0.53
camel,sand,0.28
camel,spit,0.08
camel,water,0.12
candle,birthday,0.07
candle,cake,0.17
candle,candleholder,N/A
candle,fire,0.48
candle,flame,0.59
candle,heat,0.21
candle,light,0.55
candle,lighter,0.18
candle,match,0.42
candle,night,0.41
candle,scent,0.17
candle,table,0.28
candle,wax,0.32
candle,wick,0.46
candy,cavity,0.16
candy,child,0.14
candy,halloween,0.3
candy,mouth,0.25
candy,sour,0.28
candy,store,0.4
candy,sugar,0.42
candy,sweet,0.36
candy,wrapper,0.37
car,accident,0.28
car,collision,0.26
car,crash,0.38
car,driver,0.79
car,drive,0.73
car,engine,0.24
car,fuel,0.09
car,garage,0.69
car,gas,0.13
car,highway,0.55
car,key,0.14
car,radio,0.11
car,road,0.43
car,seat,0.63
car,speed,0.18
car,steer,0.36
car,street,0.2
car,tire,0.59
car,wheel,0.32
car,wheel,0.32
castle,brick,0.17
castle,bridge,0.2
castle,crown,0.24
castle,dragon,0.42
castle,guard,0.38
castle,king,0.41
castle,knight,0.6
castle,moat,0.59
castle,money,0.06
castle,prince,0.53
castle,princess,0.54
castle,queen,0.34
castle,royalty,0.31
castle,stone,0.29
castle,wealth,0.13
cat,box,0.26
cat,claw,0.38
cat,couch,0.12
cat,dog,0.36
cat,fish,0.16
cat,fur,0.31
cat,house,0.2
cat,kitten,0.61
cat,litter,0.25
cat,meow,0.77
cat,milk,0.09
cat,mouse,0.72
cat,pet,0.64
cat,rat,0.49
cat,tree,0.25
cat,whiskers,0.55
cat,yarn,-0.0
cheese,cheddar,0.5
cheese,cow,0.37
cheese,crackers,0.63
cheese,fridge,0.23
cheese,hole,0.08
cheese,knife,0.2
cheese,macaroni,0.39
cheese,milk,0.82
cheese,mouse,0.12
cheese,pasta,0.43
cheese,pizza,0.49
cheese,sandwich,0.54
cheese,trap,0.13
cheese,wine,0.22
cheese,yellow,0.14
chef,apron,0.24
chef,cooking,0.47
chef,food,0.35
chef,hat,0.18
chef,kitchen,0.34
chef,knife,0.14
chef,oven,0.36
chef,pan,0.25
chef,pot,0.22
chef,restaurant,0.57
chef,stove,0.29
chef,waiter,0.46
chicken,barn,0.35
chicken,beak,0.28
chicken,cage,0.29
chicken,chick,0.4
chicken,coop,0.41
chicken,corn,0.33
chicken,dinner,0.49
chicken,drumstick,0.28
chicken,egg,0.44
chicken,farm,0.17
chicken,farmer,0.23
chicken,feathers,0.31
chicken,food,0.26
chicken,grain,0.25
chicken,henhouse,0.37
chicken,kfc,N/A
chicken,leg,0.23
chicken,pen,0.25
chicken,rooster,0.24
chicken,seed,0.09
chicken,wings,0.24
child,candy,0.14
child,daycare,0.51
child,innocent,0.1
child,kindergarten,0.39
child,little,0.2
child,mother,0.23
child,parents,0.54
child,playground,0.17
child,school,0.18
child,small,0.14
child,toys,0.4
child,young,0.22
church,alter,0.09
church,bench,0.09
church,bible,0.66
church,choir,0.44
church,cross,0.17
church,god,0.5
church,organ,0.07
church,people,0.14
church,pew,0.42
church,prayer,0.67
church,priest,0.62
church,religion,0.62
church,sunday,0.58
circus,acrobat,0.4
circus,candy,0.26
circus,clown,0.52
circus,cotton,0.03
circus,elephant,0.57
circus,gymnast,0.21
circus,lion,0.44
circus,popcorn,0.3
circus,show,0.35
circus,tent,0.27
clown,balloon,0.05
clown,big,0.34
clown,birthday,0.32
clown,carnival,0.22
clown,children,0.1
clown,circus,0.52
clown,elephant,0.27
clown,face,0.28
clown,fair,0.24
clown,funny,0.5
clown,makeup,0.13
clown,nose,0.18
clown,paint,0.21
clown,party,0.1
clown,red,0.27
clown,scary,0.3
clown,shoes,0.21
clown,wig,0.13
coffee,beans,0.36
coffee,biscuit,0.37
coffee,black,0.13
coffee,breakfast,0.59
coffee,caffeine,0.44
coffee,cake,0.35
coffee,coffee,1.0
coffee,cream,0.33
coffee,cup,0.68
coffee,danish,0.09
coffee,donut,0.16
coffee,hortons,N/A
coffee,milk,0.29
coffee,morning,0.45
coffee,muffin,0.35
coffee,mug,0.55
coffee,pastry,0.25
coffee,shop,0.19
coffee,starbucks,N/A
coffee,sugar,0.32
coffee,tea,0.55
coffee,tim,-0.01
computer,desk,0.12
computer,facebook,N/A
computer,games,0.17
computer,internet,N/A
computer,keyboard,0.77
computer,laptop,N/A
computer,monitor,0.68
computer,mouse,-0.01
computer,printer,0.42
computer,school,0.05
computer,screen,0.52
computer,speaker,-0.01
cow,barn,0.63
cow,beef,0.38
cow,calf,0.68
cow,farm,0.42
cow,farmer,0.45
cow,field,0.2
cow,grass,0.44
cow,hay,0.59
cow,meat,0.28
cow,milk,0.6
cow,pasture,0.71
cow,spots,0.13
crown,castle,0.24
crown,diamond,0.15
crown,gem,0.13
crown,gold,0.22
crown,head,0.2
crown,jewel,0.14
crown,king,0.48
crown,monarch,0.56
crown,money,0.08
crown,palace,0.34
crown,princess,0.36
crown,queen,0.45
crown,royalty,0.4
crown,throne,0.49
desert,cactus,0.62
desert,camel,0.63
desert,drought,0.39
desert,heat,0.1
desert,palm,0.24
desert,pyramid,0.18
desert,sand,0.37
desert,sun,0.15
desert,tree,0.04
desert,water,0.27
diamond ring,box,0.2
diamond ring,engagement,0.27
diamond ring,finger,0.38
diamond ring,girl,0.22
diamond ring,gold,0.25
diamond ring,jewelry,0.31
diamond ring,jewel,0.2
diamond ring,money,0.1
diamond ring,person,0.07
diamond ring,proposal,0.07
diamond ring,rich,0.16
diamond ring,silver,0.26
diamond ring,wedding,0.25
diamond ring,woman,0.15
doctor,clinic,0.75
doctor,coat,0.1
doctor,drug,0.22
doctor,health,0.21
doctor,hospital,0.71
doctor,injection,0.08
doctor,jacket,0.09
doctor,lab,0.41
doctor,medical,0.64
doctor,medicine,0.74
doctor,needle,0.06
doctor,nurse,0.52
doctor,office,0.19
doctor,patient,0.53
doctor,person,0.15
doctor,pill,0.42
doctor,school,0.14
doctor,scrub,0.2
doctor,shot,0.1
doctor,sick,0.65
doctor,stetoscope,N/A
doctor,syringe,0.22
doctor,uniform,0.07
doctor,white,0.09
dog,ball,0.06
dog,bark,0.34
dog,biscuit,0.31
dog,bone,0.06
dog,cat,0.36
dog,collar,0.34
dog,companion,0.18
dog,dogfood,0.19
dog,doghouse,0.5
dog,friend,0.11
dog,fur,0.24
dog,garden,0.09
dog,home,0.18
dog,house,0.12
dog,kennel,0.74
dog,kibble,N/A
dog,leash,0.82
dog,park,0.11
dog,pet,0.6
dog,tail,0.48
dog,toy,0.13
dog,treat,0.08
dog,walk,0.2
dog,yard,0.26
dragon,castle,0.42
dragon,cave,0.38
dragon,china,0.21
dragon,den,0.18
dragon,fairy,0.42
dragon,fire,0.41
dragon,flame,0.3
dragon,knight,0.35
dragon,princess,0.52
dragon,scales,0.06
dragon,sword,0.49
dragon,tail,0.31
dragon,tale,0.39
dragon,teeth,0.16
dragon,wings,0.35
drugstore,advil,N/A
drugstore,candy,0.42
drugstore,doctor,0.42
drugstore,drugs,0.29
drugstore,killer,0.17
drugstore,magazine,0.15
drugstore,make-up,0.22
drugstore,medicine,0.43
drugstore,money,0.19
drugstore,pain,0.21
drugstore,person,0.08
drugstore,pharmacist,0.49
drugstore,pharmacy,0.35
drugstore,pill,0.37
drugstore,prescription,0.46
drugstore,sick,0.33
drugstore,tylenol,-0.0
feet,cream,0.06
feet,floor,0.38
feet,hands,0.48
feet,nailpolish,N/A
feet,nails,0.19
feet,running,0.3
feet,shoes,0.38
feet,smell,0.08
feet,socks,0.26
feet,toes,0.62
feet,walk,0.35
fish,aquarium,0.76
fish,boat,0.29
fish,cat,0.16
fish,fish,1.0
fish,fishing,0.75
fish,food,0.19
fish,gill,0.48
fish,lake,0.28
fish,ocean,0.21
fish,river,0.11
fish,rod,0.12
fish,scales,0.35
fish,sea,0.25
fish,sushi,0.0
fish,tank,0.34
fish,water,0.24
fish,worm,0.3
flower,bee,0.7
flower,colour,0.16
flower,garden,0.56
flower,grass,0.17
flower,leaves,0.36
flower,petal,0.55
flower,pollen,0.88
flower,pot,0.19
flower,rose,0.19
flower,scent,0.22
flower,smell,0.24
flower,soil,-0.01
flower,spring,0.24
flower,stem,0.27
flower,sun,0.07
flower,tree,0.14
flower,vase,0.24
flower,water,0.07
fly,air,0.29
fly,airplane,0.68
fly,annoying,0.09
fly,bird,0.7
fly,bug,0.26
fly,eyes,0.15
fly,fruit,0.12
fly,garbage,0.02
fly,germ,0.07
fly,infection,0.01
fly,sky,0.28
fly,spiderweb,-0.01
fly,summer,0.16
fly,swatter,0.36
fly,wings,0.86
frog,bug,0.4
frog,croak,0.59
frog,fly,0.19
frog,green,0.15
frog,hop,0.66
frog,insect,0.16
frog,jump,0.53
frog,leap,0.15
frog,lilypad,N/A
frog,pond,0.57
frog,prince,0.03
frog,princess,-0.01
frog,ribbit,N/A
frog,slime,0.08
frog,swamp,0.21
frog,tadpole,0.8
frog,tongue,0.08
frog,water,0.14
garage,apartment,0.36
garage,bicycle,0.28
garage,bin,0.19
garage,car,0.69
garage,door,0.41
garage,garbage,0.2
garage,home,0.25
garage,house,0.35
garage,storage,0.03
garage,tools,0.1
garage,trash,0.18
gift,birthday,0.32
gift,bow,0.25
gift,box,0.11
gift,cake,0.18
gift,child,0.14
gift,christmas,0.25
gift,holiday,0.26
gift,joy,0.32
gift,present,0.17
gift,ribbon,0.2
gift,santa,0.05
gift,tree,0.15
gift,wrap,0.13
girl,barbie,0.01
girl,boy,0.53
girl,clothes,0.26
girl,cute,0.38
girl,doll,0.5
girl,dress,0.44
girl,female,0.1
girl,flowers,0.17
girl,hair,0.22
girl,long,0.31
girl,makeup,0.08
girl,pink,0.36
girl,pretty,0.47
girl,purse,0.4
girl,school,0.18
granny,cane,0.07
granny,chair,0.37
granny,cookie,0.2
granny,food,0.0
granny,glasses,0.04
granny,grandpa,0.33
granny,grey,0.11
granny,hair,0.08
granny,home,0.32
granny,knitting,0.36
granny,old,0.23
granny,rock,0.0
granny,wrinkle,0.0
hammer,construction,0.16
hammer,hand,0.33
hammer,handyman,0.12
hammer,head,0.35
hammer,metal,0.41
hammer,nail,0.5
hammer,screwdriver,0.59
hammer,tool,0.6
hammer,toolbox,0.11
hammer,wall,0.15
hammer,wood,0.22
hands,arms,0.71
hands,feet,0.48
hands,fingers,0.75
hands,gloves,0.49
hands,keyboard,0.03
hands,legs,0.44
hands,mitten,0.04
hands,nailpolish,N/A
hands,nails,0.3
hands,palm,0.41
hands,pencil,0.22
hands,ring,0.34
honey,bagel,N/A
honey,bear,0.25
honey,bee,0.78
honey,bottle,0.18
honey,bread,0.28
honey,flower,0.55
honey,hive,0.75
honey,jar,0.18
honey,nest,0.2
honey,noneycomb,N/A
honey,plastic,0.08
honey,sticky,0.54
honey,sweet,0.52
honey,tea,0.27
honey,toast,0.29
horse,animal,0.13
horse,barn,0.4
horse,carrot,0.11
horse,cowboy,0.66
horse,farm,0.14
horse,hay,0.37
horse,hoof,0.58
horse,horseshoe,0.07
horse,jockey,0.43
horse,mane,0.74
horse,race,0.23
horse,rider,0.82
horse,ride,0.74
hospital,ambulance,0.68
hospital,bed,0.22
hospital,desease,N/A
hospital,doctor,0.71
hospital,illness,0.48
hospital,medicine,0.56
hospital,needle,0.05
hospital,nurse,0.82
hospital,patient,0.74
house,bed,0.2
house,brick,0.28
house,chimney,0.44
house,door,0.37
house,family,0.21
house,fireplace,0.36
house,furniture,0.23
house,home,0.43
house,kitchen,0.4
house,roof,0.48
house,window,0.36
ice-cream,bowl,0.17
ice-cream,child,0.02
ice-cream,chocolate,0.53
ice-cream,cold,0.35
ice-cream,cone,0.37
ice-cream,cream,0.82
ice-cream,freezer,0.52
ice-cream,fridge,0.03
ice-cream,kid,0.08
ice-cream,milk,0.24
ice-cream,spoon,0.16
ice-cream,sprinkle,0.14
ice-cream,sugar,0.13
ice-cream,summer,0.17
ice-cream,tasty,0.13
ice-cream,truck,0.12
ice-cream,vanilla,0.64
key,car,0.14
key,chain,0.12
key,chest,0.04
key,door,0.22
key,heart,0.03
key,house,0.11
key,lock,0.43
key,metal,0.07
key,open,0.24
key,safe,0.11
key,treasure,0.06
key,unlock,0.35
king,castle,0.41
king,crown,0.48
king,kingdom,0.6
king,knight,0.3
king,leader,0.21
king,money,0.06
king,palace,0.65
king,power,0.15
king,prince,0.61
king,princess,0.64
king,queen,0.77
king,ruler,0.42
king,throne,0.73
knife,blood,0.13
knife,board,0.25
knife,bread,0.27
knife,butter,0.25
knife,chop,0.32
knife,cut,0.65
knife,dinner,0.26
knife,dish,0.34
knife,food,0.12
knife,fork,0.34
knife,killer,0.25
knife,kitchen,0.26
knife,meal,0.27
knife,meat,0.3
knife,metal,0.13
knife,murderer,0.25
knife,plate,0.23
knife,sharp,0.52
knife,spoon,0.37
knife,steak,0.33
knife,steel,0.16
knife,table,0.3
lamp,bedroom,0.35
lamp,bright,0.33
lamp,bulb,0.72
lamp,desk,0.15
lamp,electricity,0.44
lamp,home,0.2
lamp,house,0.24
lamp,light,0.61
lamp,night,0.26
lamp,read,0.08
lamp,shade,0.18
lamp,study,0.07
lamp,switch,0.66
lamp,table,0.2
leash,cat,0.24
leash,collar,0.42
leash,control,-0.01
leash,dog,0.82
leash,leather,0.21
leash,neck,0.21
leash,owner,0.17
leash,park,0.13
leash,pet,0.53
leash,walk,0.26
letter,alphabet,0.66
letter,envelope,0.87
letter,ink,0.26
letter,letter,1.0
letter,mail,0.63
letter,mailbox,0.61
letter,mailman,0.37
letter,office,0.13
letter,opener,0.31
letter,paper,0.13
letter,pen,0.4
letter,pencil,0.16
letter,post,0.34
letter,stamp,0.24
letter,words,0.17
lion,africa,0.13
lion,antelope,0.39
lion,cub,0.33
lion,deer,0.43
lion,fur,0.25
lion,gazelle,0.14
lion,grassland,0.12
lion,hair,0.05
lion,jungle,0.33
lion,king,0.17
lion,mane,0.34
lion,meat,0.16
lion,roar,0.52
lion,safari,0.28
lion,savannah,0.03
lion,teeth,0.0
lion,tiger,0.68
lion,zoo,0.55
man,beard,0.5
man,car,0.12
man,children,0.11
man,father,0.16
man,hair,0.13
man,hammer,0.2
man,muscle,0.02
man,power,0.1
man,sport,0.09
man,tools,0.16
man,truck,0.23
man,woman,0.37
mechanic,autoshop,N/A
mechanic,car,0.51
mechanic,dirt,0.25
mechanic,engine,0.48
mechanic,fix,0.18
mechanic,garage,0.49
mechanic,grease,0.14
mechanic,hammer,0.31
mechanic,jumpsuit,0.05
mechanic,machine,0.2
mechanic,oil,0.15
mechanic,overall,0.14
mechanic,tire,0.38
mechanic,toolbox,0.04
mechanic,tools,0.3
mechanic,uniform,0.16
mechanic,workshop,0.3
mechanic,wrench,0.39
milk,baby,0.24
milk,bag,0.14
milk,breakfast,0.38
milk,calcium,0.23
milk,carton,0.34
milk,cereal,0.68
milk,cheese,0.82
milk,chocolate,0.49
milk,container,0.17
milk,cookie,0.34
milk,cow,0.6
milk,cup,0.33
milk,farm,0.21
milk,fridge,0.24
milk,glass,0.24
milk,goat,0.3
milk,grocery,0.35
milk,jug,0.24
milk,store,0.16
milk,white,0.07
monkey,banana,0.25
monkey,circus,0.38
monkey,fur,0.2
monkey,hair,0.17
monkey,human,0.22
monkey,jungle,0.38
monkey,rainforest,0.1
monkey,tail,0.36
monkey,tree,0.37
monkey,vine,0.2
monkey,zoo,0.53
mouse,basement,0.07
mouse,cat,0.72
mouse,cheese,0.12
mouse,computer,-0.01
mouse,hole,0.3
mouse,house,0.18
mouse,size,0.06
mouse,small,0.11
mouse,tail,0.41
mouse,trap,0.26
mouse,whiskers,0.56
paper,airplane,0.04
paper,book,0.11
paper,homework,0.22
paper,letter,0.13
paper,notebook,0.45
paper,notes,0.33
paper,origami,0.06
paper,pen,0.32
paper,pencil,0.68
paper,printer,0.5
paper,school,0.11
paper,scissors,0.38
paper,stationary,0.04
paper,tree,0.04
paper,white,0.11
paper,writing,0.26
pencil,case,0.11
pencil,desk,0.41
pencil,drawing,0.58
pencil,eraser,0.43
pencil,exam,0.1
pencil,graphite,0.25
pencil,hand,0.28
pencil,lead,0.16
pencil,paper,0.68
pencil,pen,0.42
pencil,school,0.12
pencil,sharpener,0.43
pencil,table,0.14
pencil,test,0.16
pencil,wood,0.23
pencil,writing,0.22
pie,apple,0.47
pie,baker,0.23
pie,blueberry,0.52
pie,cherry,0.24
pie,cream,0.57
pie,crust,0.12
pie,dessert,0.66
pie,fill,0.2
pie,fork,0.34
pie,ice-cream,0.33
pie,oven,0.52
pie,plate,0.31
pie,pumpkin,0.49
pie,thanksgiving,0.36
pie,whipped,0.24
pilot,air,0.26
pilot,airplane,0.75
pilot,airport,0.74
pilot,attendant,0.38
pilot,cap,0.17
pilot,flight,0.73
pilot,goggle,0.33
pilot,hat,0.08
pilot,helicopter,0.62
pilot,passenger,0.5
pilot,sky,0.2
pilot,uniform,0.17
plate,cup,0.37
plate,dinner,0.37
plate,dishwasher,0.28
plate,food,0.1
plate,fork,0.34
plate,kitchen,0.3
plate,knife,0.23
plate,meal,0.24
plate,napkin,0.47
plate,spoon,0.39
plate,table,0.32
plate,utensil,0.09
police officer,badge,0.25
police officer,car,0.27
police officer,criminal,0.54
police officer,gun,0.4
police officer,handcuffs,0.36
police officer,law,0.23
police officer,police,0.96
police officer,siren,0.29
police officer,uniform,0.24
postman,bag,0.23
postman,box,0.24
postman,car,0.02
postman,delivery,0.3
postman,dog,0.2
postman,envelope,0.58
postman,letter,0.57
postman,mail,0.56
postman,mailbox,0.58
postman,office,0.21
postman,package,0.26
postman,parcel,0.32
postman,post,0.42
postman,satchel,0.2
postman,shorts,0.09
postman,stamp,0.18
postman,truck,0.19
postman,uniform,0.14
pumpkin,autumn,0.17
pumpkin,candle,0.19
pumpkin,candy,0.28
pumpkin,farm,0.12
pumpkin,field,0.14
pumpkin,halloween,0.53
pumpkin,jack-o-lantern,0.34
pumpkin,knife,0.2
pumpkin,light,0.14
pumpkin,orange,0.34
pumpkin,patch,0.39
pumpkin,pie,0.49
pumpkin,seed,0.29
rabbit,bunny,0.36
rabbit,burrow,0.43
rabbit,cabbage,0.12
rabbit,cage,0.34
rabbit,carrot,0.16
rabbit,ears,0.26
rabbit,easter,0.05
rabbit,fur,0.35
rabbit,grass,0.23
rabbit,hole,0.36
rabbit,hop,0.39
rabbit,jump,0.34
rabbit,lettuce,0.11
rabbit,pet,0.29
rabbit,tail,0.43
rabbit,teeth,0.09
restaurant,chef,0.57
restaurant,dish,0.36
restaurant,drink,0.21
restaurant,food,0.36
restaurant,menu,0.49
restaurant,money,0.18
restaurant,plate,0.27
restaurant,table,0.34
restaurant,waiter,0.67
restaurant,waitress,0.66
river,animals,0.07
river,boat,0.28
river,canoe,0.38
river,current,0.05
river,fish,0.11
river,flow,0.26
river,forest,0.18
river,kayak,0.22
river,lake,0.33
river,ocean,0.13
river,rocks,0.08
river,stone,0.13
river,swim,0.15
river,trees,0.17
river,water,0.21
river,wildlife,0.02
santa,beard,0.12
santa,cap,0.08
santa,children,0.05
santa,chimney,0.08
santa,christmas,0.34
santa,coat,0.09
santa,cookie,0.01
santa,elf,0.06
santa,gift,0.05
santa,hat,0.09
santa,present,0.16
santa,red,0.13
santa,reindeer,0.05
santa,sled,0.08
santa,sleigh,0.16
santa,snow,0.11
santa,suit,0.15
santa,tree,0.11
school,blackboard,0.29
school,book,0.12
school,bus,0.32
school,children,0.33
school,classmate,0.27
school,classroom,0.36
school,desk,0.27
school,exam,0.3
school,friends,0.31
school,homework,0.48
school,learning,0.22
school,locker,0.33
school,pencil,0.12
school,school,1.0
school,student,0.32
school,teacher,0.46
school,test,0.13
scissors,artwork,0.16
scissors,blade,0.33
scissors,craft,0.02
scissors,cut,0.36
scissors,glue,0.36
scissors,hair,0.26
scissors,hand,0.34
scissors,knife,0.33
scissors,metal,0.07
scissors,paper,0.38
scissors,rock,0.03
scissors,school,0.12
scissors,sharp,0.22
sheep,barn,0.38
sheep,dog,0.12
sheep,farm,0.37
sheep,field,0.1
sheep,flock,0.66
sheep,fur,0.13
sheep,grass,0.51
sheep,hay,0.45
sheep,herd,0.71
sheep,herd,0.71
sheep,lamb,0.53
sheep,meadow,0.28
sheep,pasture,0.53
sheep,scissors,0.05
sheep,shears,0.31
sheep,shepard,0.05
sheep,sweater,0.21
sheep,white,0.1
sheep,wolf,0.4
sheep,wool,0.63
ship,anchor,0.58
ship,boat,0.49
ship,captain,0.87
ship,cargo,0.77
ship,crew,0.9
ship,cruise,0.61
ship,dock,0.64
ship,fish,-0.03
ship,flag,0.24
ship,goods,0.08
ship,harbour,0.42
ship,mast,0.82
ship,merchandise,0.01
ship,ocean,0.17
ship,passenger,0.27
ship,people,0.1
ship,pirate,0.65
ship,plank,0.11
ship,port,0.55
ship,sailor,0.83
ship,sail,0.76
ship,sea,0.43
ship,titanic,0.54
ship,water,0.1
shoes,boots,0.64
shoes,box,0.26
shoes,converse,0.1
shoes,dirt,0.18
shoes,feet,0.38
shoes,floor,0.3
shoes,ground,0.18
shoes,heel,0.44
shoes,high,0.2
shoes,holt,0.1
shoes,lace,0.5
shoes,leather,0.6
shoes,mall,0.22
shoes,mud,0.14
shoes,nike,N/A
shoes,renfrew,N/A
shoes,running,0.27
shoes,shoebox,0.15
shoes,shoelace,0.23
shoes,sneakers,0.59
shoes,socks,0.67
shoes,sole,0.15
shoes,store,0.34
shoes,toes,0.47
shoes,velcro,0.36
spider,black,0.08
spider,bug,0.38
spider,cob,0.17
spider,corner,0.12
spider,fear,0.14
spider,fly,0.32
spider,halloween,0.11
spider,house,0.12
spider,insect,0.67
spider,legs,0.39
spider,net,0.1
spider,poison,0.43
spider,scare,0.2
spider,shoe,0.15
spider,venom,0.33
spider,web,0.77
student,assignment,0.46
student,backpack,0.06
student,book,0.09
student,class,0.33
student,college,0.42
student,computer,0.11
student,desk,0.12
student,education,0.33
student,get,0.11
student,homework,0.21
student,laptop,N/A
student,learning,0.55
student,notebook,0.2
student,pencil,0.11
student,school,0.32
student,study,0.22
student,teacher,0.74
student,textbook,0.4
student,university,0.37
table,chair,0.61
table,cutlery,-0.0
table,dinner,0.57
table,dish,0.32
table,food,0.08
table,homework,0.18
table,kitchen,0.58
table,legs,0.1
table,meal,0.37
table,plate,0.32
table,tablecloth,0.64
table,wood,0.15
teacher,apple,0.07
teacher,blackboard,0.42
teacher,book,0.13
teacher,chalk,0.18
teacher,class,0.49
teacher,classroom,0.9
teacher,desk,0.3
teacher,homework,0.37
teacher,school,0.46
teacher,student,0.74
teacher,teach,0.49
teacher,whiteboard,N/A
tree,bark,0.7
tree,bird,0.22
tree,branch,0.52
tree,earth,0.07
tree,forrest,0.03
tree,fruit,0.36
tree,green,0.17
tree,ground,0.37
tree,leaves,0.48
tree,nest,0.35
tree,root,0.27
tree,soil,0.1
tree,squirrel,0.77
tree,trunk,0.86
tree,water,0.11
tree,wood,0.34
vase,break,0.07
vase,crystal,0.07
vase,decoration,0.23
vase,flower,0.24
vase,glass,0.25
vase,pretty,0.24
vase,table,0.32
vase,water,0.12
waitress,apron,0.27
waitress,drink,0.11
waitress,food,0.17
waitress,girl,0.11
waitress,menu,0.38
waitress,money,0.15
waitress,notepad,0.04
waitress,paper,0.03
waitress,plate,0.27
waitress,restaurant,0.66
waitress,tip,0.01
waitress,waiter,0.52
witch,besom,0.1
witch,broom,0.33
witch,broomstick,0.34
witch,cape,0.12
witch,cat,0.27
witch,cauldron,0.1
witch,cloth,0.11
witch,coat,0.14
witch,dark,0.28
witch,evil,0.37
witch,green,0.19
witch,halloween,0.33
witch,hat,0.24
witch,long,0.25
witch,magic,0.56
witch,nose,0.11
witch,pointy,0.08
witch,pot,0.24
witch,pumpkin,0.35
witch,robe,0.35
witch,spell,0.31
witch,wand,0.21
witch,wart,0.23
witch,wizard,0.43
woman,beauty,0.22
woman,children,0.17
woman,clothes,0.19
woman,cooking,0.14
woman,dress,0.29
woman,hair,0.16
woman,jewellery,0.14
woman,lipstick,0.12
woman,long,0.24
woman,makeup,0.08
woman,man,0.37
woman,mascara,0.11
woman,mother,0.17
woman,purse,0.51
woman,shoes,0.25
