airplane,air,1,"airplane,air",2,"air,fly,airplane"
airplane,airport,1,"airplane,airport",2,"airport,trip,airplane"
airplane,attendant,-1,NOT FOUND,,
airplane,cloud,2,"airplane,air,cloud",4,"cloud,soft,pretty,model,airplane"
airplane,flight,1,"airplane,flight",1,"flight,airplane"
airplane,food,3,"airplane,air,supply,food",3,"food,fruit,fly,airplane"
airplane,journey,2,"airplane,travel,journey",2,"journey,trip,airplane"
airplane,luggage,3,"airplane,trip,baggage,luggage",2,"luggage,trip,airplane"
airplane,meal,4,"airplane,air,supply,food,meal",3,"meal,ticket,trip,airplane"
airplane,passenger,3,"airplane,pilot,driver,passenger",2,"passenger,flight,airplane"
airplane,pilot,1,"airplane,pilot",2,"pilot,fly,airplane"
airplane,runway,-1,NOT FOUND,,
airplane,seat,3,"airplane,helicopter,pad,seat",3,"seat,car,transportation,airplane"
airplane,sky,1,"airplane,sky",3,"sky,plane,fly,airplane"
airplane,stewardess,2,"airplane,pilot,stewardess",1,"stewardess,airplane"
airplane,suitcase,3,"airplane,trip,baggage,suitcase",2,"suitcase,trip,airplane"
airplane,travel,1,"airplane,travel",2,"travel,fly,airplane"
airplane,trip,1,"airplane,trip",1,"trip,airplane"
airplane,wings,1,"airplane,wings",2,"wings,fly,airplane"
apple,autumn,4,"apple,peach,pit,fall,autumn",3,"autumn,brown,green,apple"
apple,banana,1,"apple,banana",1,"banana,apple"
apple,core,1,"apple,core",1,"core,apple"
apple,fruit,1,"apple,fruit",1,"fruit,apple"
apple,green,1,"apple,green",1,"green,apple"
apple,juice,2,"apple,orange,juice",1,"juice,apple"
apple,leaf,2,"apple,tree,leaf",2,"leaf,green,apple"
apple,orange,1,"apple,orange",1,"orange,apple"
apple,orchard,-1,NOT FOUND,,
apple,pie,1,"apple,pie",1,"pie,apple"
apple,red,1,"apple,red",2,"red,orange,apple"
apple,seed,1,"apple,seed",1,"seed,apple"
apple,teacher,4,"apple,food,lunch,school,teacher",1,"teacher,apple"
apple,tree,1,"apple,tree",2,"tree,green,apple"
apple,worm,1,"apple,worm",1,"worm,apple"
ax,chop,1,"ax,chop",1,"chop,ax"
ax,cut,1,"ax,cut",3,"cut,wood,chop,ax"
ax,deodarant,-1,NOT FOUND,,
ax,fire,2,"ax,wood,fire",4,"fire,water,ice,pick,ax"
ax,handle,1,"ax,handle",3,"handle,lift,pick,ax"
ax,log,2,"ax,wood,log",3,"log,wood,chop,ax"
ax,lumberjack,-1,NOT FOUND,,
ax,metal,2,"ax,wood,metal",3,"metal,wood,chop,ax"
ax,murderer,4,"ax,cut,pain,killer,murderer",1,"murderer,ax"
ax,spray,3,"ax,kill,roach,spray",4,"spray,water,ice,pick,ax"
ax,steel,3,"ax,saw,mill,steel",4,"steel,hard,wood,chop,ax"
ax,tree,1,"ax,tree",4,"tree,fort,wood,chop,ax"
ax,wood,1,"ax,wood",2,"wood,chop,ax"
baby,blanket,4,"baby,mother,love,warmth,blanket",3,"blanket,bed,soft,baby"
baby,bottle,1,"baby,bottle",1,"bottle,baby"
baby,cradle,2,"baby,cuddle,cradle",1,"cradle,baby"
baby,crib,1,"baby,crib",1,"crib,baby"
baby,cry,1,"baby,cry",1,"cry,baby"
baby,cute,1,"baby,cute",1,"cute,baby"
baby,diaper,1,"baby,diaper",1,"diaper,baby"
baby,milk,3,"baby,rattle,shake,milk",1,"milk,baby"
baby,mother,1,"baby,mother",2,"mother,daughter,baby"
baby,pacify,-1,NOT FOUND,,
baby,small,1,"baby,small",4,"small,little,girl,innocence,baby"
baby,sooth,-1,NOT FOUND,,
baby,towel,3,"baby,diaper,cloth,towel",2,"towel,wipe,baby"
baby,toy,2,"baby,rattle,toy",1,"toy,baby"
bag,book,2,"bag,carry,book",2,"book,paper,bag"
bag,computer,3,"bag,food,apple,computer",2,"computer,chips,bag"
bag,food,1,"bag,food",2,"food,lunch,bag"
bag,groceries,1,"bag,groceries",1,"groceries,bag"
bag,hand,3,"bag,container,holder,hand",3,"hand,hold,carry,bag"
bag,handle,3,"bag,container,holder,handle",1,"handle,bag"
bag,laptop,-1,NOT FOUND,,
bag,paper,1,"bag,paper",1,"paper,bag"
bag,plastic,2,"bag,container,plastic",1,"plastic,bag"
bag,school,2,"bag,lunch,school",3,"school,book,paper,bag"
bag,shopping,1,"bag,shopping",1,"shopping,bag"
bag,wallet,2,"bag,purse,wallet",2,"wallet,briefcase,bag"
bag,woman,2,"bag,pocketbook,woman",4,"woman,love,happy,glad,bag"
bag,zipper,4,"bag,shopping,clothes,pants,zipper",3,"zipper,fly,paper,bag"
baker,apron,-1,NOT FOUND,,
baker,bakery,-1,NOT FOUND,,
baker,bread,1,"baker,bread",6,"bread,food,health,body,builder,maker,baker"
baker,cake,1,"baker,cake",4,"cake,mix,match,maker,baker"
baker,cookie,2,"baker,cake,cookie",5,"cookie,cake,mix,match,maker,baker"
baker,cupcake,-1,NOT FOUND,,
baker,dough,1,"baker,dough",5,"dough,cake,mix,match,maker,baker"
baker,flour,2,"baker,dough,flour",5,"flour,cook,burn,match,maker,baker"
baker,hat,2,"baker,chef,hat",4,"hat,box,match,maker,baker"
baker,muffin,3,"baker,dough,biscuit,muffin",5,"muffin,toast,burn,match,maker,baker"
baker,oven,1,"baker,oven",5,"oven,heat,fire,match,maker,baker"
baker,pastry,1,"baker,pastry",5,"pastry,cake,mix,match,maker,baker"
baker,pie,1,"baker,pie",5,"pie,cake,mix,match,maker,baker"
ball,baseball,1,"ball,baseball",1,"baseball,ball"
ball,basket,3,"ball,basketball,hoop,basket",1,"basket,ball"
ball,basketball,1,"ball,basketball",1,"basketball,ball"
ball,beach,3,"ball,basketball,fun,beach",1,"beach,ball"
ball,bounce,1,"ball,bounce",1,"bounce,ball"
ball,dog,2,"ball,boy,dog",4,"dog,house,brick,throw,ball"
ball,game,1,"ball,game",2,"game,tennis,ball"
ball,hoop,2,"ball,basketball,hoop",2,"hoop,round,ball"
ball,net,2,"ball,basketball,net",1,"net,ball"
ball,park,1,"ball,park",2,"park,play,ball"
ball,soccer,1,"ball,soccer",1,"soccer,ball"
ball,sport,1,"ball,sport",2,"sport,tennis,ball"
bank,atm,-1,NOT FOUND,,
bank,bank,0,bank,0,bank
bank,burglar,2,"bank,robber,burglar",2,"burglar,robber,bank"
bank,card,3,"bank,account,charge,card",3,"card,paper,chase,bank"
bank,cash,2,"bank,robber,cash",2,"cash,money,bank"
bank,cashier,4,"bank,money,bill,receipt,cashier",2,"cashier,money,bank"
bank,cheque,-1,NOT FOUND,,
bank,clerk,4,"bank,money,work,office,clerk",1,"clerk,bank"
bank,client,-1,NOT FOUND,,
bank,credit,2,"bank,loan,credit",2,"credit,union,bank"
bank,currency,-1,NOT FOUND,,
bank,customer,5,"bank,robber,police,uniform,service,customer",2,"customer,money,bank"
bank,guard,3,"bank,vault,safe,guard",1,"guard,bank"
bank,investment,-1,NOT FOUND,,
bank,loan,1,"bank,loan",1,"loan,bank"
bank,money,1,"bank,money",1,"money,bank"
bank,register,5,"bank,account,checkbook,empty,void,register",2,"register,money,bank"
bank,robber,1,"bank,robber",1,"robber,bank"
bank,safe,2,"bank,vault,safe",1,"safe,bank"
bank,security,4,"bank,robber,cop,protection,security",2,"security,safe,bank"
bank,teller,1,"bank,teller",1,"teller,bank"
bank,vault,1,"bank,vault",1,"vault,bank"
bank,visa,-1,NOT FOUND,,
barn,animals,4,"barn,animal,instinct,nature,animals",2,"animals,farm,barn"
barn,chicken,1,"barn,chicken",3,"chicken,rooster,farm,barn"
barn,cow,1,"barn,cow",2,"cow,farm,barn"
barn,farm,1,"barn,farm",1,"farm,barn"
barn,farmer,3,"barn,hay,pitchfork,farmer",1,"farmer,barn"
barn,hay,1,"barn,hay",1,"hay,barn"
barn,horse,1,"barn,horse",3,"horse,animal,farm,barn"
barn,pig,2,"barn,animal,pig",2,"pig,farm,barn"
barn,red,1,"barn,red",4,"red,cross,country,farm,barn"
barn,straw,2,"barn,hay,straw",1,"straw,barn"
barn,tractor,2,"barn,farm,tractor",2,"tractor,farm,barn"
barn,wood,2,"barn,loft,wood",4,"wood,work,labor,birth,barn"
beach,ball,1,"beach,ball",3,"ball,basketball,fun,beach"
beach,beachball,-1,NOT FOUND,,
beach,bikini,-1,NOT FOUND,,
beach,ocean,1,"beach,ocean",1,"ocean,beach"
beach,sand,1,"beach,sand",1,"sand,beach"
beach,sea,2,"beach,shore,sea",1,"sea,beach"
beach,summer,1,"beach,summer",1,"summer,beach"
beach,sun,1,"beach,sun",1,"sun,beach"
beach,sunshine,3,"beach,coast,california,sunshine",1,"sunshine,beach"
beach,swim,1,"beach,swim",2,"swim,ocean,beach"
beach,swimsuit,-1,NOT FOUND,,
beach,towel,1,"beach,towel",1,"towel,beach"
beach,volleyball,4,"beach,ball,basketball,net,volleyball",1,"volleyball,beach"
beach,water,1,"beach,water",2,"water,sea,beach"
beak,bird,-1,NOT FOUND,,
beak,duck,-1,NOT FOUND,,
beak,eat,-1,NOT FOUND,,
beak,food,-1,NOT FOUND,,
beak,nest,-1,NOT FOUND,,
beak,peck,-1,NOT FOUND,,
beak,seed,-1,NOT FOUND,,
beak,sharp,-1,NOT FOUND,,
beak,worm,-1,NOT FOUND,,
bear,berry,5,"bear,claw,nail,screw,nuts,berry",4,"berry,cherry,pit,trap,bear"
bear,big,1,"bear,big",3,"big,dog,animal,bear"
bear,brown,1,"bear,brown",3,"brown,dog,animal,bear"
bear,camping,3,"bear,forest,wilderness,camping",2,"camping,wilderness,bear"
bear,cave,1,"bear,cave",1,"cave,bear"
bear,claw,1,"bear,claw",1,"claw,bear"
bear,cub,1,"bear,cub",1,"cub,bear"
bear,den,-1,NOT FOUND,,
bear,fear,3,"bear,tiger,danger,fear",3,"fear,monster,animal,bear"
bear,fish,2,"bear,mammal,fish",4,"fish,scales,reptile,animal,bear"
bear,forest,1,"bear,forest",2,"forest,wilderness,bear"
bear,fur,1,"bear,fur",2,"fur,animal,bear"
bear,honey,1,"bear,honey",1,"honey,bear"
bear,salmon,6,"bear,mountain,peak,sex,reproduce,spawn,salmon",3,"salmon,spawn,animal,bear"
bear,teeth,3,"bear,brown,hair,teeth",3,"teeth,cavity,cave,bear"
bear,tree,1,"bear,tree",3,"tree,fort,cave,bear"
bed,bedroom,2,"bed,room,bedroom",1,"bedroom,bed"
bed,blanket,2,"bed,sheets,blanket",1,"blanket,bed"
bed,comforter,-1,NOT FOUND,,
bed,duvet,-1,NOT FOUND,,
bed,house,2,"bed,room,house",3,"house,home,sick,bed"
bed,mattress,1,"bed,mattress",1,"mattress,bed"
bed,night,2,"bed,sleep,night",3,"night,darkness,sleep,bed"
bed,pillow,1,"bed,pillow",1,"pillow,bed"
bed,rest,2,"bed,sleep,rest",1,"rest,bed"
bed,sheets,1,"bed,sheets",1,"sheets,bed"
bed,sleep,1,"bed,sleep",1,"sleep,bed"
bee,bear,2,"bee,honey,bear",2,"bear,honey,bee"
bee,black,3,"bee,honey,bear,black",5,"black,night,time,schedule,busy,bee"
bee,comb,2,"bee,honey,comb",4,"comb,hair,wash,wax,bee"
bee,flower,3,"bee,honey,pot,flower",3,"flower,beauty,queen,bee"
bee,hive,1,"bee,hive",1,"hive,bee"
bee,honey,1,"bee,honey",1,"honey,bee"
bee,nest,2,"bee,hive,nest",4,"nest,bed,bug,insect,bee"
bee,pollen,-1,NOT FOUND,,
bee,queen,5,"bee,honey,pot,flower,beauty,queen",1,"queen,bee"
bee,sting,1,"bee,sting",1,"sting,bee"
bee,stinger,-1,NOT FOUND,,
bee,stripes,6,"bee,honey,bear,lion,leo,stars,stripes",4,"stripes,prison,prisoner,killer,bee"
bee,yellow,4,"bee,hive,nest,egg,yellow",4,"yellow,rose,beauty,queen,bee"
beer,alcohol,1,"beer,alcohol",1,"alcohol,beer"
beer,bar,2,"beer,drunk,bar",1,"bar,beer"
beer,belly,1,"beer,belly",1,"belly,beer"
beer,bottle,2,"beer,can,bottle",1,"bottle,beer"
beer,chips,4,"beer,foam,mousse,computer,chips",3,"chips,food,drink,beer"
beer,cup,2,"beer,can,cup",2,"cup,drink,beer"
beer,drink,1,"beer,drink",1,"drink,beer"
beer,drunk,1,"beer,drunk",1,"drunk,beer"
beer,foam,1,"beer,foam",1,"foam,beer"
beer,glass,1,"beer,glass",2,"glass,bottle,beer"
beer,keg,5,"beer,foam,bath,room,empty,keg",1,"keg,beer"
beer,liquor,2,"beer,drink,liquor",1,"liquor,beer"
beer,mug,1,"beer,mug",1,"mug,beer"
beer,party,1,"beer,party",1,"party,beer"
beer,person,3,"beer,party,people,person",3,"person,animal,party,beer"
beer,pub,3,"beer,drunk,bar,pub",1,"pub,beer"
beer,wine,1,"beer,wine",1,"wine,beer"
bird,air,3,"bird,flight,airplane,air",2,"air,fly,bird"
bird,beak,-1,NOT FOUND,,
bird,cage,1,"bird,cage",1,"cage,bird"
bird,cat,1,"bird,cat",3,"cat,dog,animal,bird"
bird,chirp,4,"bird,tree,nature,birds,chirp",1,"chirp,bird"
bird,egg,2,"bird,nest,egg",2,"egg,hen,bird"
bird,feather,1,"bird,feather",1,"feather,bird"
bird,fly,1,"bird,fly",1,"fly,bird"
bird,nest,1,"bird,nest",1,"nest,bird"
bird,seed,3,"bird,tree,flower,seed",1,"seed,bird"
bird,sing,1,"bird,sing",2,"sing,hum,bird"
bird,sky,2,"bird,blue,sky",3,"sky,plane,fly,bird"
bird,tree,1,"bird,tree",3,"tree,flower,seed,bird"
bird,wings,1,"bird,wings",1,"wings,bird"
bird,worm,4,"bird,bath,soap,slimy,worm",1,"worm,bird"
boat,anchor,4,"boat,ship,ahoy,sailor,anchor",1,"anchor,boat"
boat,captain,3,"boat,ship,ahoy,captain",1,"captain,boat"
boat,dock,5,"boat,fish,oyster,pearl,harbor,dock",1,"dock,boat"
boat,engine,2,"boat,motor,engine",2,"engine,motor,boat"
boat,fish,1,"boat,fish",2,"fish,shrimp,boat"
boat,lake,2,"boat,fishing,lake",2,"lake,river,boat"
boat,motor,1,"boat,motor",1,"motor,boat"
boat,ocean,1,"boat,ocean",2,"ocean,sea,boat"
boat,paddle,2,"boat,canoe,paddle",1,"paddle,boat"
boat,river,2,"boat,canoe,river",1,"river,boat"
boat,sail,1,"boat,sail",1,"sail,boat"
boat,sea,2,"boat,sailing,sea",1,"sea,boat"
boat,summer,3,"boat,trip,fall,summer",3,"summer,swim,paddle,boat"
boat,tube,3,"boat,float,raft,tube",2,"tube,river,boat"
boat,water,1,"boat,water",2,"water,sea,boat"
bone,body,1,"bone,body",2,"body,skin,bone"
bone,broken,2,"bone,leg,broken",1,"broken,bone"
bone,cast,5,"bone,hard,solid,bold,type,cast",1,"cast,bone"
bone,dinosaur,3,"bone,skull,fossil,dinosaur",2,"dinosaur,teeth,bone"
bone,dog,1,"bone,dog",4,"dog,house,building,stone,bone"
bone,marrow,1,"bone,marrow",1,"marrow,bone"
bone,milk,3,"bone,steak,cow,milk",2,"milk,calcium,bone"
bone,muscle,1,"bone,muscle",1,"muscle,bone"
bone,skeleton,1,"bone,skeleton",1,"skeleton,bone"
bone,strong,2,"bone,muscle,strong",2,"strong,muscle,bone"
book,author,4,"book,bible,god,creator,author",1,"author,book"
book,bookmark,-1,NOT FOUND,,
book,bookshelf,-1,NOT FOUND,,
book,bookstore,-1,NOT FOUND,,
book,cover,3,"book,store,clothes,cover",1,"cover,book"
book,glasses,3,"book,read,eyes,glasses",2,"glasses,read,book"
book,knowledge,1,"book,knowledge",1,"knowledge,book"
book,library,2,"book,study,library",1,"library,book"
book,page,1,"book,page",1,"page,book"
book,paper,1,"book,paper",1,"paper,book"
book,reading,5,"book,read,word,english,writing,reading",1,"reading,book"
book,school,1,"book,school",1,"school,book"
book,words,3,"book,magazine,newspaper,words",1,"words,book"
book,writer,4,"book,marker,draw,artist,writer",1,"writer,book"
boy,car,4,"boy,friend,confident,control,car",3,"car,travel,country,boy"
boy,father,3,"boy,child,mother,father",2,"father,son,boy"
boy,friend,1,"boy,friend",1,"friend,boy"
boy,games,5,"boy,friend,trust,honesty,fair,games",3,"games,toys,baby,boy"
boy,girl,1,"boy,girl",1,"girl,boy"
boy,male,2,"boy,george,male",1,"male,boy"
boy,penis,-1,NOT FOUND,,
boy,school,4,"boy,friend,buddy,system,school",2,"school,child,boy"
boy,sports,4,"boy,friend,enemy,opponent,sports",3,"sports,activity,active,boy"
boy,toys,5,"boy,friend,neighbor,neighborhood,children,toys",2,"toys,baby,boy"
builder,bob,-1,NOT FOUND,,
builder,brick,2,"builder,house,brick",3,"brick,building,construction,builder"
builder,concrete,2,"builder,building,concrete",3,"concrete,cement,construction,builder"
builder,construction,1,"builder,construction",1,"construction,builder"
builder,equipment,-1,NOT FOUND,,
builder,hammer,2,"builder,carpenter,hammer",3,"hammer,head,body,builder"
builder,hardhat,-1,NOT FOUND,,
builder,helmet,5,"builder,house,boat,motor,motorcycle,helmet",3,"helmet,head,body,builder"
builder,house,1,"builder,house",3,"house,building,construction,builder"
builder,job,2,"builder,carpenter,job",4,"job,work,labor,construction,builder"
builder,machine,3,"builder,contractor,engineer,machine",3,"machine,factory,manufacturer,builder"
builder,nails,2,"builder,carpenter,nails",4,"nails,hammer,head,body,builder"
builder,tools,3,"builder,carpenter,plumber,tools",3,"tools,chest,body,builder"
builder,wood,2,"builder,blocks,wood",3,"wood,build,architect,builder"
builder,work,1,"builder,work",3,"work,labor,construction,builder"
cage,animal,1,"cage,animal",1,"animal,cage"
cage,bar,1,"cage,bar",4,"bar,beer,party,animal,cage"
cage,bird,1,"cage,bird",1,"bird,cage"
cage,criminal,2,"cage,prison,criminal",2,"criminal,prisoner,cage"
cage,dog,2,"cage,animal,dog",2,"dog,animal,cage"
cage,jail,1,"cage,jail",2,"jail,prisoner,cage"
cage,key,2,"cage,lock,key",3,"key,chain,fence,cage"
cage,lion,1,"cage,lion",2,"lion,animal,cage"
cage,lock,1,"cage,lock",3,"lock,chain,fence,cage"
cage,metal,1,"cage,metal",4,"metal,music,song,bird,cage"
cage,prison,1,"cage,prison",2,"prison,prisoner,cage"
cage,prisoner,2,"cage,prison,prisoner",1,"prisoner,cage"
cage,zoo,1,"cage,zoo",1,"zoo,cage"
cake,baker,4,"cake,mix,match,maker,baker",1,"baker,cake"
cake,bakery,-1,NOT FOUND,,
cake,birthday,1,"cake,birthday",1,"birthday,cake"
cake,candle,2,"cake,birthday,candle",4,"candle,burn,cut,slice,cake"
cake,chocolate,1,"cake,chocolate",1,"chocolate,cake"
cake,cream,1,"cake,cream",2,"cream,strawberry,cake"
cake,flour,3,"cake,icing,sugar,flour",1,"flour,cake"
cake,fork,4,"cake,mix,stir,spoon,fork",3,"fork,food,fruit,cake"
cake,frosting,1,"cake,frosting",1,"frosting,cake"
cake,gift,2,"cake,birthday,gift",2,"gift,party,cake"
cake,icing,1,"cake,icing",1,"icing,cake"
cake,oven,2,"cake,bake,oven",2,"oven,bake,cake"
cake,party,1,"cake,party",1,"party,cake"
cake,plate,4,"cake,birthday,suit,armor,plate",3,"plate,food,fruit,cake"
cake,platter,-1,NOT FOUND,,
cake,present,3,"cake,party,now,present",2,"present,birthday,cake"
cake,stove,3,"cake,bake,oven,stove",3,"stove,cook,bake,cake"
cake,sugar,2,"cake,icing,sugar",2,"sugar,cookie,cake"
cake,vanilla,2,"cake,ice cream,vanilla",2,"vanilla,strawberry,cake"
camel,arab,-1,NOT FOUND,,
camel,cactus,2,"camel,desert,cactus",5,"cactus,prickly,smooth,bump,lump,camel"
camel,desert,1,"camel,desert",6,"desert,dry,idea,brain,tumor,lump,camel"
camel,egypt,1,"camel,egypt",6,"egypt,temple,forehead,brain,tumor,lump,camel"
camel,hump,-1,NOT FOUND,,
camel,sand,2,"camel,desert,sand",6,"sand,beach,bum,hobo,vagrant,nomad,camel"
camel,spit,3,"camel,cigarette,tobacco,spit",5,"spit,tobacco,cancer,tumor,lump,camel"
camel,water,1,"camel,water",6,"water,drink,fast,speed,bump,lump,camel"
candle,birthday,4,"candle,stick,tape,present,birthday",1,"birthday,candle"
candle,cake,4,"candle,burn,cut,slice,cake",2,"cake,birthday,candle"
candle,candleholder,-1,NOT FOUND,,
candle,fire,1,"candle,fire",2,"fire,flame,candle"
candle,flame,1,"candle,flame",1,"flame,candle"
candle,heat,2,"candle,burn,heat",3,"heat,fire,flame,candle"
candle,light,1,"candle,light",3,"light,shine,glow,candle"
candle,lighter,2,"candle,lit,lighter",2,"lighter,flame,candle"
candle,match,2,"candle,burn,match",2,"match,flame,candle"
candle,night,3,"candle,light,dark,night",4,"night,train,whistle,blow,candle"
candle,scent,4,"candle,fire,smoke,smell,scent",3,"scent,nose,blow,candle"
candle,table,3,"candle,light,lamp,table",4,"table,tennis,match,flame,candle"
candle,wax,1,"candle,wax",1,"wax,candle"
candle,wick,1,"candle,wick",1,"wick,candle"
candy,cavity,3,"candy,gum,teeth,cavity",3,"cavity,tooth,gums,candy"
candy,child,1,"candy,child",3,"child,care,sweet,candy"
candy,halloween,4,"candy,good,evil,witch,halloween",1,"halloween,candy"
candy,mouth,2,"candy,gum,mouth",3,"mouth,spit,gum,candy"
candy,sour,2,"candy,sweet,sour",1,"sour,candy"
candy,store,1,"candy,store",4,"store,clothes,shopping,spree,candy"
candy,sugar,1,"candy,sugar",1,"sugar,candy"
candy,sweet,1,"candy,sweet",1,"sweet,candy"
candy,wrapper,-1,NOT FOUND,,
car,accident,3,"car,drive,wreck,accident",1,"accident,car"
car,collision,-1,NOT FOUND,,
car,crash,2,"car,plane,crash",1,"crash,car"
car,driver,2,"car,truck,driver",1,"driver,car"
car,drive,1,"car,drive",1,"drive,car"
car,engine,1,"car,engine",1,"engine,car"
car,fuel,2,"car,gas,fuel",1,"fuel,car"
car,garage,4,"car,road,tar,driveway,garage",1,"garage,car"
car,gas,1,"car,gas",1,"gas,car"
car,highway,2,"car,travel,highway",1,"highway,car"
car,key,4,"car,drive,through,door,key",1,"key,car"
car,radio,3,"car,train,station,radio",2,"radio,stereo,car"
car,road,1,"car,road",1,"road,car"
car,seat,3,"car,wheel,chair,seat",1,"seat,car"
car,speed,1,"car,speed",1,"speed,car"
car,steer,2,"car,drive,steer",1,"steer,car"
car,street,1,"car,street",1,"street,car"
car,tire,1,"car,tire",1,"tire,car"
car,wheel,1,"car,wheel",1,"wheel,car"
castle,brick,2,"castle,house,brick",3,"brick,building,empire,castle"
castle,bridge,2,"castle,moat,bridge",3,"bridge,london,tower,castle"
castle,crown,2,"castle,princess,crown",2,"crown,throne,castle"
castle,dragon,2,"castle,moat,dragon",1,"dragon,castle"
castle,guard,2,"castle,palace,guard",4,"guard,dog,animal,kingdom,castle"
castle,king,1,"castle,king",2,"king,prince,castle"
castle,knight,1,"castle,knight",1,"knight,castle"
castle,moat,1,"castle,moat",1,"moat,castle"
castle,money,2,"castle,mansion,money",4,"money,lot,ground,sand,castle"
castle,prince,1,"castle,prince",1,"prince,castle"
castle,princess,1,"castle,princess",1,"princess,castle"
castle,queen,1,"castle,queen",3,"queen,royalty,prince,castle"
castle,royalty,2,"castle,princess,royalty",2,"royalty,prince,castle"
castle,stone,3,"castle,house,building,stone",3,"stone,pebble,sand,castle"
castle,wealth,2,"castle,mansion,wealth",4,"wealth,poverty,dirt,sand,castle"
cat,box,4,"cat,mouse,cheese,cracker,box",3,"box,shoe,string,cat"
cat,claw,4,"cat,mouse,trap,bear,claw",1,"claw,cat"
cat,couch,4,"cat,kitten,soft,comfortable,couch",3,"couch,sit,lap,cat"
cat,dog,1,"cat,dog",1,"dog,cat"
cat,fish,4,"cat,mouse,house,boat,fish",3,"fish,cod,liver,cat"
cat,fur,3,"cat,dog,animal,fur",1,"fur,cat"
cat,house,2,"cat,mouse,house",2,"house,dog,cat"
cat,kitten,1,"cat,kitten",1,"kitten,cat"
cat,litter,-1,NOT FOUND,,
cat,meow,5,"cat,dog,animal,lion,roar,meow",1,"meow,cat"
cat,milk,3,"cat,mouse,cheese,milk",3,"milk,cookie,fat,cat"
cat,mouse,1,"cat,mouse",1,"mouse,cat"
cat,pet,3,"cat,dog,animal,pet",1,"pet,cat"
cat,rat,2,"cat,mouse,rat",1,"rat,cat"
cat,tree,4,"cat,mouse,trap,bear,tree",1,"tree,cat"
cat,whiskers,6,"cat,mouse,trap,bear,grizzly,beard,whiskers",1,"whiskers,cat"
cat,yarn,5,"cat,mouse,hole,button,sew,yarn",2,"yarn,string,cat"
cheese,cheddar,1,"cheese,cheddar",1,"cheddar,cheese"
cheese,cow,2,"cheese,milk,cow",2,"cow,milk,cheese"
cheese,crackers,3,"cheese,protein,peanut butter,crackers",1,"crackers,cheese"
cheese,fridge,-1,NOT FOUND,,
cheese,hole,2,"cheese,mouse,hole",2,"hole,mole,cheese"
cheese,knife,2,"cheese,swiss,knife",3,"knife,butter,melt,cheese"
cheese,macaroni,4,"cheese,cracker,soup,noodles,macaroni",1,"macaroni,cheese"
cheese,milk,1,"cheese,milk",1,"milk,cheese"
cheese,mouse,1,"cheese,mouse",1,"mouse,cheese"
cheese,pasta,4,"cheese,cracker,soup,tomato,pasta",2,"pasta,noodles,cheese"
cheese,pizza,3,"cheese,bread,dough,pizza",1,"pizza,cheese"
cheese,sandwich,2,"cheese,bread,sandwich",2,"sandwich,bologna,cheese"
cheese,trap,2,"cheese,rat,trap",2,"trap,rat,cheese"
cheese,wine,1,"cheese,wine",1,"wine,cheese"
cheese,yellow,2,"cheese,butter,yellow",3,"yellow,blue,velvet,cheese"
chef,apron,-1,NOT FOUND,,
chef,cooking,4,"chef,cook,kitchen,stove,cooking",1,"cooking,chef"
chef,food,1,"chef,food",5,"food,health,plan,prepare,cook,chef"
chef,hat,1,"chef,hat",4,"hat,man,wife,cook,chef"
chef,kitchen,2,"chef,cook,kitchen",2,"kitchen,cook,chef"
chef,knife,3,"chef,food,steak,knife",4,"knife,fork,utensil,cooking,chef"
chef,oven,3,"chef,cook,bake,oven",2,"oven,cook,chef"
chef,pan,3,"chef,cook,fry,pan",2,"pan,cook,chef"
chef,pot,3,"chef,cook,kitchen,pot",2,"pot,cook,chef"
chef,restaurant,2,"chef,cook,restaurant",4,"restaurant,cafe,french,pastry,chef"
chef,stove,3,"chef,cook,kitchen,stove",2,"stove,cook,chef"
chef,waiter,1,"chef,waiter",3,"waiter,waitress,cook,chef"
chicken,barn,3,"chicken,rooster,farm,barn",1,"barn,chicken"
chicken,beak,-1,NOT FOUND,,
chicken,cage,2,"chicken,bird,cage",3,"cage,animal,farm,chicken"
chicken,chick,2,"chicken,hen,chick",1,"chick,chicken"
chicken,coop,-1,NOT FOUND,,
chicken,corn,3,"chicken,rooster,crow,corn",3,"corn,food,steak,chicken"
chicken,dinner,1,"chicken,dinner",2,"dinner,supper,chicken"
chicken,drumstick,-1,NOT FOUND,,
chicken,egg,2,"chicken,hen,egg",1,"egg,chicken"
chicken,farm,2,"chicken,rooster,farm",1,"farm,chicken"
chicken,farmer,4,"chicken,rooster,farm,crops,farmer",2,"farmer,produce,chicken"
chicken,feathers,6,"chicken,bird,parrot,pirate,patch,quilt,feathers",1,"feathers,chicken"
chicken,food,1,"chicken,food",2,"food,steak,chicken"
chicken,grain,4,"chicken,fried,rice,field,grain",2,"grain,rice,chicken"
chicken,henhouse,-1,NOT FOUND,,
chicken,kfc,-1,NOT FOUND,,
chicken,leg,1,"chicken,leg",2,"leg,thigh,chicken"
chicken,pen,2,"chicken,feather,pen",4,"pen,pencil,yellow,coward,chicken"
chicken,rooster,1,"chicken,rooster",1,"rooster,chicken"
chicken,seed,3,"chicken,barbecue,pit,seed",2,"seed,farm,chicken"
chicken,wings,1,"chicken,wings",1,"wings,chicken"
child,candy,3,"child,care,sweet,candy",1,"candy,child"
child,daycare,-1,NOT FOUND,,
child,innocent,4,"child,girl,innocence,guilty,innocent",2,"innocent,young,child"
child,kindergarten,-1,NOT FOUND,,
child,little,1,"child,little",3,"little,girl,boy,child"
child,mother,1,"child,mother",1,"mother,child"
child,parents,3,"child,mother,support,parents",2,"parents,mother,child"
child,playground,4,"child,little,lot,park,playground",2,"playground,school,child"
child,school,3,"child,kid,play,school",1,"school,child"
child,small,1,"child,small",4,"small,little,girl,boy,child"
child,toys,4,"child,care,give,share,toys",2,"toys,mess,child"
child,young,1,"child,young",1,"young,child"
church,alter,5,"church,religion,belief,confidence,ego,alter",4,"alter,ego,brain,organ,church"
church,bench,4,"church,steeple,hill,incline,bench",3,"bench,sit,kneel,church"
church,bible,2,"church,preacher,bible",1,"bible,church"
church,choir,4,"church,preacher,talk,sing,choir",1,"choir,church"
church,cross,1,"church,cross",1,"cross,church"
church,god,1,"church,god",1,"god,church"
church,organ,4,"church,god,love,heart,organ",1,"organ,church"
church,people,3,"church,preacher,fake,people",3,"people,crowd,mass,church"
church,pew,-1,NOT FOUND,,
church,prayer,3,"church,god,lord,prayer",1,"prayer,church"
church,priest,2,"church,preacher,priest",1,"priest,church"
church,religion,1,"church,religion",1,"religion,church"
church,sunday,1,"church,sunday",1,"sunday,church"
circus,acrobat,5,"circus,wheel,roll,tumble,gymnastics,acrobat",1,"acrobat,circus"
circus,candy,4,"circus,parade,flag,stripe,candy",4,"candy,good,excellent,fair,circus"
circus,clown,1,"circus,clown",1,"clown,circus"
circus,cotton,4,"circus,parade,float,cloud,cotton",4,"cotton,clothes,fashion,show,circus"
circus,elephant,1,"circus,elephant",1,"elephant,circus"
circus,gymnast,6,"circus,wheel,roll,tumble,gymnastics,acrobat,gymnast",3,"gymnast,horse,animal,circus"
circus,lion,1,"circus,lion",2,"lion,animal,circus"
circus,popcorn,3,"circus,show,movie,popcorn",3,"popcorn,peanut,elephant,circus"
circus,show,1,"circus,show",1,"show,circus"
circus,tent,1,"circus,tent",1,"tent,circus"
clown,balloon,5,"clown,make up,test,pressure,air,balloon",1,"balloon,clown"
clown,big,3,"clown,circus,elephant,big",4,"big,dog,animal,circus,clown"
clown,birthday,3,"clown,joker,cards,birthday",4,"birthday,party,drunk,fool,clown"
clown,carnival,2,"clown,circus,carnival",1,"carnival,clown"
clown,children,4,"clown,joker,cards,playing,children",3,"children,laugh,funny,clown"
clown,circus,1,"clown,circus",1,"circus,clown"
clown,elephant,2,"clown,circus,elephant",2,"elephant,circus,clown"
clown,face,2,"clown,make up,face",2,"face,make up,clown"
clown,fair,2,"clown,circus,fair",2,"fair,circus,clown"
clown,funny,1,"clown,funny",1,"funny,clown"
clown,makeup,-1,NOT FOUND,,
clown,nose,3,"clown,make up,face,nose",3,"nose,blow,balloon,clown"
clown,paint,1,"clown,paint",4,"paint,art,beauty,make up,clown"
clown,party,2,"clown,fun,party",3,"party,drunk,fool,clown"
clown,red,2,"clown,paint,red",4,"red,rose,beauty,make up,clown"
clown,scary,3,"clown,make up,ugly,scary",3,"scary,halloween,costume,clown"
clown,shoes,4,"clown,make up,pretty,pink,shoes",4,"shoes,smell,perfume,make up,clown"
clown,wig,-1,NOT FOUND,,
coffee,beans,3,"coffee,bean,chili,beans",3,"beans,vegetables,steam,coffee"
coffee,biscuit,4,"coffee,milk,cookie,dough,biscuit",2,"biscuit,doughnut,coffee"
coffee,black,1,"coffee,black",4,"black,death,burial,grounds,coffee"
coffee,breakfast,3,"coffee,milk,cereal,breakfast",2,"breakfast,morning,coffee"
coffee,caffeine,1,"coffee,caffeine",1,"caffeine,coffee"
coffee,cake,3,"coffee,tea,party,cake",2,"cake,cream,coffee"
coffee,coffee,0,coffee,0,coffee
coffee,cream,1,"coffee,cream",1,"cream,coffee"
coffee,cup,1,"coffee,cup",1,"cup,coffee"
coffee,danish,-1,NOT FOUND,,
coffee,donut,-1,NOT FOUND,,
coffee,hortons,-1,NOT FOUND,,
coffee,milk,1,"coffee,milk",2,"milk,cream,coffee"
coffee,morning,1,"coffee,morning",1,"morning,coffee"
coffee,muffin,4,"coffee,milk,cereal,bran,muffin",2,"muffin,toast,coffee"
coffee,mug,2,"coffee,cup,mug",1,"mug,coffee"
coffee,pastry,4,"coffee,milk,cookie,dough,pastry",2,"pastry,doughnut,coffee"
coffee,shop,4,"coffee,tea,bag,groceries,shop",3,"shop,keeper,grounds,coffee"
coffee,starbucks,-1,NOT FOUND,,
coffee,sugar,1,"coffee,sugar",1,"sugar,coffee"
coffee,tea,1,"coffee,tea",1,"tea,coffee"
coffee,tim,-1,NOT FOUND,,
computer,desk,3,"computer,electric,lamp,desk",3,"desk,write,print,computer"
computer,facebook,-1,NOT FOUND,,
computer,games,3,"computer,typewriter,word,games",1,"games,computer"
computer,internet,-1,NOT FOUND,,
computer,keyboard,1,"computer,keyboard",1,"keyboard,computer"
computer,laptop,-1,NOT FOUND,,
computer,monitor,-1,NOT FOUND,,
computer,mouse,3,"computer,key,hole,mouse",4,"mouse,trap,escape,enter,computer"
computer,printer,1,"computer,printer",1,"printer,computer"
computer,school,2,"computer,program,school",3,"school,teacher,apple,computer"
computer,screen,1,"computer,screen",3,"screen,television,program,computer"
computer,speaker,4,"computer,electric,volt,amp,speaker",2,"speaker,system,computer"
cow,barn,2,"cow,farm,barn",1,"barn,cow"
cow,beef,3,"cow,horse,meat,beef",1,"beef,cow"
cow,calf,1,"cow,calf",1,"calf,cow"
cow,farm,1,"cow,farm",1,"farm,cow"
cow,farmer,3,"cow,pasture,field,farmer",1,"farmer,cow"
cow,field,2,"cow,pasture,field",2,"field,farmer,cow"
cow,grass,2,"cow,pasture,grass",2,"grass,mow,cow"
cow,hay,3,"cow,farm,barn,hay",2,"hay,horse,cow"
cow,meat,2,"cow,horse,meat",1,"meat,cow"
cow,milk,1,"cow,milk",1,"milk,cow"
cow,pasture,1,"cow,pasture",1,"pasture,cow"
cow,spots,5,"cow,pig,pink,panther,leopard,spots",3,"spots,dirt,brown,cow"
crown,castle,2,"crown,throne,castle",2,"castle,princess,crown"
crown,diamond,2,"crown,queen,diamond",2,"diamond,jewel,crown"
crown,gem,2,"crown,jewel,gem",2,"gem,jewel,crown"
crown,gold,2,"crown,jewel,gold",2,"gold,jewel,crown"
crown,head,1,"crown,head",5,"head,body,build,empire,emperor,crown"
crown,jewel,1,"crown,jewel",1,"jewel,crown"
crown,king,1,"crown,king",1,"king,crown"
crown,monarch,2,"crown,king,monarch",2,"monarch,king,crown"
crown,money,2,"crown,royal,money",4,"money,rich,power,king,crown"
crown,palace,3,"crown,throne,castle,palace",2,"palace,prince,crown"
crown,princess,3,"crown,throne,castle,princess",1,"princess,crown"
crown,queen,1,"crown,queen",2,"queen,king,crown"
crown,royalty,2,"crown,queen,royalty",2,"royalty,prince,crown"
crown,throne,1,"crown,throne",1,"throne,crown"
desert,cactus,1,"desert,cactus",1,"cactus,desert"
desert,camel,6,"desert,dry,idea,brain,tumor,lump,camel",1,"camel,desert"
desert,drought,-1,NOT FOUND,,
desert,heat,2,"desert,dry,heat",3,"heat,humid,dry,desert"
desert,palm,2,"desert,island,palm",4,"palm,beach,towel,dry,desert"
desert,pyramid,5,"desert,sand,castle,old,ancient,pyramid",1,"pyramid,desert"
desert,sand,1,"desert,sand",2,"sand,dune,desert"
desert,sun,2,"desert,island,sun",4,"sun,beach,towel,dry,desert"
desert,tree,3,"desert,island,palm,tree",3,"tree,forest,wilderness,desert"
desert,water,2,"desert,island,water",3,"water,thirst,dry,desert"
diamond ring,box,-1,NOT FOUND,,
diamond ring,engagement,-1,NOT FOUND,,
diamond ring,finger,-1,NOT FOUND,,
diamond ring,girl,-1,NOT FOUND,,
diamond ring,gold,-1,NOT FOUND,,
diamond ring,jewelry,-1,NOT FOUND,,
diamond ring,jewel,-1,NOT FOUND,,
diamond ring,money,-1,NOT FOUND,,
diamond ring,person,-1,NOT FOUND,,
diamond ring,proposal,-1,NOT FOUND,,
diamond ring,rich,-1,NOT FOUND,,
diamond ring,silver,-1,NOT FOUND,,
diamond ring,wedding,-1,NOT FOUND,,
diamond ring,woman,-1,NOT FOUND,,
doctor,clinic,2,"doctor,hospital,clinic",1,"clinic,doctor"
doctor,coat,4,"doctor,lawyer,lawsuit,tie,coat",3,"coat,cold,medicine,doctor"
doctor,drug,2,"doctor,medicine,drug",2,"drug,prescription,doctor"
doctor,health,1,"doctor,health",1,"health,doctor"
doctor,hospital,1,"doctor,hospital",1,"hospital,doctor"
doctor,injection,-1,NOT FOUND,,
doctor,jacket,4,"doctor,lawyer,lawsuit,tie,jacket",3,"jacket,cold,medicine,doctor"
doctor,lab,4,"doctor,dead,still,photo,lab",2,"lab,scientist,doctor"
doctor,medical,2,"doctor,nurse,medical",1,"medical,doctor"
doctor,medicine,1,"doctor,medicine",1,"medicine,doctor"
doctor,needle,2,"doctor,physician,needle",4,"needle,sharp,hurt,sick,doctor"
doctor,nurse,1,"doctor,nurse",1,"nurse,doctor"
doctor,office,1,"doctor,office",1,"office,doctor"
doctor,patient,1,"doctor,patient",1,"patient,doctor"
doctor,person,2,"doctor,help,person",3,"person,body,healthy,doctor"
doctor,pill,2,"doctor,medicine,pill",2,"pill,medicine,doctor"
doctor,school,2,"doctor,office,school",3,"school,work,office,doctor"
doctor,scrub,4,"doctor,hospital,clean,mop,scrub",3,"scrub,body,healthy,doctor"
doctor,shot,1,"doctor,shot",3,"shot,hurt,sick,doctor"
doctor,sick,1,"doctor,sick",1,"sick,doctor"
doctor,stetoscope,-1,NOT FOUND,,
doctor,syringe,-1,NOT FOUND,,
doctor,uniform,3,"doctor,help,police,uniform",2,"uniform,nurse,doctor"
doctor,white,2,"doctor,hospital,white",4,"white,light,house,family,doctor"
dog,ball,4,"dog,house,brick,throw,ball",2,"ball,boy,dog"
dog,bark,4,"dog,house,brick,wood,bark",1,"bark,dog"
dog,biscuit,5,"dog,friend,trust,money,dough,biscuit",1,"biscuit,dog"
dog,bone,4,"dog,house,building,stone,bone",1,"bone,dog"
dog,cat,1,"dog,cat",1,"cat,dog"
dog,collar,5,"dog,house,roof,top,shirt,collar",1,"collar,dog"
dog,companion,2,"dog,friend,companion",1,"companion,dog"
dog,dogfood,-1,NOT FOUND,,
dog,doghouse,-1,NOT FOUND,,
dog,friend,1,"dog,friend",2,"friend,boy,dog"
dog,fur,2,"dog,animal,fur",2,"fur,animal,dog"
dog,garden,4,"dog,house,yard,lawn,garden",3,"garden,dirt,brown,dog"
dog,home,2,"dog,house,home",2,"home,house,dog"
dog,house,1,"dog,house",1,"house,dog"
dog,kennel,-1,NOT FOUND,,
dog,kibble,-1,NOT FOUND,,
dog,leash,-1,NOT FOUND,,
dog,park,4,"dog,house,room,area,park",3,"park,place,house,dog"
dog,pet,2,"dog,animal,pet",1,"pet,dog"
dog,tail,3,"dog,animal,pig,tail",1,"tail,dog"
dog,toy,4,"dog,house,brick,block,toy",1,"toy,dog"
dog,treat,4,"dog,animal,crackers,snack,treat",1,"treat,dog"
dog,walk,4,"dog,house,room,board,walk",3,"walk,run,track,dog"
dog,yard,2,"dog,house,yard",2,"yard,house,dog"
dragon,castle,1,"dragon,castle",2,"castle,moat,dragon"
dragon,cave,2,"dragon,dungeon,cave",4,"cave,hole,button,snap,dragon"
dragon,china,1,"dragon,china",3,"china,break,snap,dragon"
dragon,den,-1,NOT FOUND,,
dragon,fairy,3,"dragon,green,elf,fairy",3,"fairy,princess,fantasy,dragon"
dragon,fire,1,"dragon,fire",4,"fire,engine,broken,snap,dragon"
dragon,flame,2,"dragon,fire,flame",5,"flame,orange,apple,crisp,snap,dragon"
dragon,knight,1,"dragon,knight",3,"knight,castle,moat,dragon"
dragon,princess,2,"dragon,castle,princess",2,"princess,fantasy,dragon"
dragon,scales,1,"dragon,scales",4,"scales,reptile,snake,serpent,dragon"
dragon,sword,1,"dragon,sword",4,"sword,knight,castle,moat,dragon"
dragon,tail,3,"dragon,animal,pig,tail",4,"tail,animal,beast,monster,dragon"
dragon,tale,3,"dragon,fiction,story,tale",3,"tale,fable,fantasy,dragon"
dragon,teeth,3,"dragon,red,hair,teeth",4,"teeth,bone,break,snap,dragon"
dragon,wings,2,"dragon,fly,wings",4,"wings,buffalo,hairy,monster,dragon"
drugstore,advil,-1,NOT FOUND,,
drugstore,candy,-1,NOT FOUND,,
drugstore,doctor,-1,NOT FOUND,,
drugstore,drugs,-1,NOT FOUND,,
drugstore,killer,-1,NOT FOUND,,
drugstore,magazine,-1,NOT FOUND,,
drugstore,make-up,-1,NOT FOUND,,
drugstore,medicine,-1,NOT FOUND,,
drugstore,money,-1,NOT FOUND,,
drugstore,pain,-1,NOT FOUND,,
drugstore,person,-1,NOT FOUND,,
drugstore,pharmacist,-1,NOT FOUND,,
drugstore,pharmacy,-1,NOT FOUND,,
drugstore,pill,-1,NOT FOUND,,
drugstore,prescription,-1,NOT FOUND,,
drugstore,sick,-1,NOT FOUND,,
drugstore,tylenol,-1,NOT FOUND,,
feet,cream,4,"feet,hands,legs,shave,cream",3,"cream,milk,cold,feet"
feet,floor,4,"feet,inch,worm,ground,floor",3,"floor,tile,cold,feet"
feet,hands,1,"feet,hands",1,"hands,feet"
feet,nailpolish,-1,NOT FOUND,,
feet,nails,2,"feet,hands,nails",2,"nails,hands,feet"
feet,running,4,"feet,leg,body,fitness,running",2,"running,shoes,feet"
feet,shoes,1,"feet,shoes",1,"shoes,feet"
feet,smell,1,"feet,smell",2,"smell,odor,feet"
feet,socks,2,"feet,shoes,socks",1,"socks,feet"
feet,toes,1,"feet,toes",1,"toes,feet"
feet,walk,1,"feet,walk",1,"walk,feet"
fish,aquarium,-1,NOT FOUND,,
fish,boat,2,"fish,shrimp,boat",1,"boat,fish"
fish,cat,3,"fish,cod,liver,cat",4,"cat,mouse,house,boat,fish"
fish,fish,0,fish,0,fish
fish,fishing,2,"fish,pole,fishing",1,"fishing,fish"
fish,food,1,"fish,food",3,"food,apple,worm,fish"
fish,gill,-1,NOT FOUND,,
fish,lake,2,"fish,ocean,lake",1,"lake,fish"
fish,ocean,1,"fish,ocean",2,"ocean,sea,fish"
fish,river,2,"fish,sea,river",1,"river,fish"
fish,rod,2,"fish,pole,rod",2,"rod,fishing,fish"
fish,scales,1,"fish,scales",1,"scales,fish"
fish,sea,1,"fish,sea",1,"sea,fish"
fish,sushi,-1,NOT FOUND,,
fish,tank,1,"fish,tank",1,"tank,fish"
fish,water,1,"fish,water",2,"water,sea,fish"
fish,worm,3,"fish,pole,fishing,worm",1,"worm,fish"
flower,bee,3,"flower,beauty,queen,bee",3,"bee,honey,pot,flower"
flower,colour,-1,NOT FOUND,,
flower,garden,1,"flower,garden",1,"garden,flower"
flower,grass,2,"flower,seed,grass",2,"grass,grow,flower"
flower,leaves,3,"flower,rose,bush,leaves",2,"leaves,tree,flower"
flower,petal,-1,NOT FOUND,,
flower,pollen,-1,NOT FOUND,,
flower,pot,1,"flower,pot",1,"pot,flower"
flower,rose,1,"flower,rose",1,"rose,flower"
flower,scent,2,"flower,smell,scent",3,"scent,aroma,rose,flower"
flower,smell,1,"flower,smell",3,"smell,taste,bud,flower"
flower,soil,2,"flower,plant,soil",2,"soil,plant,flower"
flower,spring,2,"flower,blossom,spring",1,"spring,flower"
flower,stem,1,"flower,stem",1,"stem,flower"
flower,sun,1,"flower,sun",3,"sun,light,bulb,flower"
flower,tree,1,"flower,tree",1,"tree,flower"
flower,vase,1,"flower,vase",1,"vase,flower"
flower,water,2,"flower,vase,water",3,"water,ice,pick,flower"
fly,air,2,"fly,airplane,air",1,"air,fly"
fly,airplane,1,"fly,airplane",1,"airplane,fly"
fly,annoying,1,"fly,annoying",2,"annoying,pest,fly"
fly,bird,1,"fly,bird",1,"bird,fly"
fly,bug,1,"fly,bug",1,"bug,fly"
fly,eyes,3,"fly,roach,brown,eyes",4,"eyes,sight,blind,bat,fly"
fly,fruit,3,"fly,roach,food,fruit",1,"fruit,fly"
fly,garbage,3,"fly,paper,bag,garbage",3,"garbage,truck,drive,fly"
fly,germ,5,"fly,paper,sheet,cold,sneeze,germ",2,"germ,bug,fly"
fly,infection,4,"fly,annoying,noise,ear,infection",3,"infection,germ,bug,fly"
fly,sky,2,"fly,soar,sky",2,"sky,plane,fly"
fly,spiderweb,-1,NOT FOUND,,
fly,summer,2,"fly,mosquito,summer",3,"summer,water,air,fly"
fly,swatter,1,"fly,swatter",1,"swatter,fly"
fly,wings,1,"fly,wings",1,"wings,fly"
frog,bug,2,"frog,fly,bug",3,"bug,gross,anatomy,frog"
frog,croak,4,"frog,rabbit,kill,die,croak",1,"croak,frog"
frog,fly,1,"frog,fly",4,"fly,roach,gross,anatomy,frog"
frog,green,1,"frog,green",1,"green,frog"
frog,hop,1,"frog,hop",3,"hop,jump,leap,frog"
frog,insect,2,"frog,fly,insect",4,"insect,bug,gross,anatomy,frog"
frog,jump,1,"frog,jump",2,"jump,leap,frog"
frog,leap,1,"frog,leap",1,"leap,frog"
frog,lilypad,-1,NOT FOUND,,
frog,pond,1,"frog,pond",1,"pond,frog"
frog,prince,1,"frog,prince",1,"prince,frog"
frog,princess,2,"frog,prince,princess",2,"princess,prince,frog"
frog,ribbit,-1,NOT FOUND,,
frog,slime,3,"frog,slimy,worm,slime",2,"slime,green,frog"
frog,swamp,4,"frog,prince,castle,moat,swamp",2,"swamp,green,frog"
frog,tadpole,-1,NOT FOUND,,
frog,tongue,2,"frog,lizard,tongue",3,"tongue,pink,green,frog"
frog,water,1,"frog,water",3,"water,sea,green,frog"
garage,apartment,2,"garage,house,apartment",4,"apartment,building,concrete,driveway,garage"
garage,bicycle,2,"garage,car,bicycle",4,"bicycle,bike,rack,storage,garage"
garage,bin,-1,NOT FOUND,,
garage,car,1,"garage,car",4,"car,road,tar,driveway,garage"
garage,door,1,"garage,door",4,"door,room,closet,storage,garage"
garage,garbage,2,"garage,stink,garbage",4,"garbage,bag,container,storage,garage"
garage,home,2,"garage,house,home",4,"home,homeless,downtown,parking,garage"
garage,house,1,"garage,house",4,"house,building,concrete,driveway,garage"
garage,storage,1,"garage,storage",1,"storage,garage"
garage,tools,3,"garage,storage,shed,tools",2,"tools,shed,garage"
garage,trash,3,"garage,stink,garbage,trash",4,"trash,bag,container,storage,garage"
gift,birthday,1,"gift,birthday",1,"birthday,gift"
gift,bow,1,"gift,bow",2,"bow,present,gift"
gift,box,1,"gift,box",1,"box,gift"
gift,cake,2,"gift,party,cake",2,"cake,birthday,gift"
gift,child,3,"gift,love,spouse,child",3,"child,care,for,gift"
gift,christmas,1,"gift,christmas",1,"christmas,gift"
gift,holiday,1,"gift,holiday",2,"holiday,christmas,gift"
gift,joy,2,"gift,christmas,joy",2,"joy,christmas,gift"
gift,present,1,"gift,present",1,"present,gift"
gift,ribbon,1,"gift,ribbon",2,"ribbon,present,gift"
gift,santa,2,"gift,christmas,santa",2,"santa,christmas,gift"
gift,tree,2,"gift,christmas,tree",3,"tree,trunk,box,gift"
gift,wrap,1,"gift,wrap",1,"wrap,gift"
girl,barbie,-1,NOT FOUND,,
girl,boy,1,"girl,boy",1,"boy,girl"
girl,clothes,3,"girl,lady,dress,clothes",2,"clothes,dress,girl"
girl,cute,2,"girl,guy,cute",1,"cute,girl"
girl,doll,3,"girl,innocence,baby,doll",1,"doll,girl"
girl,dress,2,"girl,lady,dress",1,"dress,girl"
girl,female,1,"girl,female",1,"female,girl"
girl,flowers,3,"girl,pretty,pink,flowers",2,"flowers,love,girl"
girl,hair,3,"girl,female,red,hair",2,"hair,blonde,girl"
girl,long,3,"girl,lady,dress,long",2,"long,skinny,girl"
girl,makeup,-1,NOT FOUND,,
girl,pink,2,"girl,pretty,pink",1,"pink,girl"
girl,pretty,1,"girl,pretty",1,"pretty,girl"
girl,purse,5,"girl,friend,happy,glad,bag,purse",1,"purse,girl"
girl,school,4,"girl,friend,buddy,system,school",2,"school,child,girl"
granny,cane,-1,NOT FOUND,,
granny,chair,-1,NOT FOUND,,
granny,cookie,-1,NOT FOUND,,
granny,food,-1,NOT FOUND,,
granny,glasses,-1,NOT FOUND,,
granny,grandpa,-1,NOT FOUND,,
granny,grey,-1,NOT FOUND,,
granny,hair,-1,NOT FOUND,,
granny,home,-1,NOT FOUND,,
granny,knitting,-1,NOT FOUND,,
granny,old,-1,NOT FOUND,,
granny,rock,-1,NOT FOUND,,
granny,wrinkle,-1,NOT FOUND,,
hammer,construction,4,"hammer,saw,mill,worker,construction",3,"construction,build,carpenter,hammer"
hammer,hand,3,"hammer,saw,cut,hand",2,"hand,nail,hammer"
hammer,handyman,-1,NOT FOUND,,
hammer,head,1,"hammer,head",3,"head,toe,nail,hammer"
hammer,metal,3,"hammer,saw,wood,metal",3,"metal,hard,nail,hammer"
hammer,nail,1,"hammer,nail",1,"nail,hammer"
hammer,screwdriver,2,"hammer,tool,screwdriver",1,"screwdriver,hammer"
hammer,tool,1,"hammer,tool",1,"tool,hammer"
hammer,toolbox,-1,NOT FOUND,,
hammer,wall,4,"hammer,pound,weight,scale,wall",3,"wall,hard,nail,hammer"
hammer,wood,2,"hammer,saw,wood",2,"wood,saw,hammer"
hands,arms,1,"hands,arms",1,"arms,hands"
hands,feet,1,"hands,feet",1,"feet,hands"
hands,fingers,1,"hands,fingers",1,"fingers,hands"
hands,gloves,4,"hands,feet,two,pair,gloves",1,"gloves,hands"
hands,keyboard,5,"hands,nails,finger,digit,computer,keyboard",4,"keyboard,typewriter,typist,fingers,hands"
hands,legs,1,"hands,legs",2,"legs,arms,hands"
hands,mitten,4,"hands,face,hand,glove,mitten",3,"mitten,hand,shake,hands"
hands,nailpolish,-1,NOT FOUND,,
hands,nails,1,"hands,nails",1,"nails,hands"
hands,palm,5,"hands,feet,inch,meter,reader,palm",3,"palm,hand,shake,hands"
hands,pencil,4,"hands,nails,claw,sharp,pencil",4,"pencil,eraser,head,feet,hands"
hands,ring,2,"hands,fingers,ring",4,"ring,class,time,clock,hands"
honey,bagel,5,"honey,pot,kitchen,appliance,toaster,bagel",3,"bagel,cheese,milk,honey"
honey,bear,1,"honey,bear",1,"bear,honey"
honey,bee,1,"honey,bee",1,"bee,honey"
honey,bottle,4,"honey,tea,bag,container,bottle",4,"bottle,glass,juice,milk,honey"
honey,bread,3,"honey,sugar,flour,bread",3,"bread,dough,biscuit,honey"
honey,flower,2,"honey,pot,flower",4,"flower,seed,sow,oats,honey"
honey,hive,2,"honey,bee,hive",2,"hive,bee,honey"
honey,jar,3,"honey,sugar,cookie,jar",3,"jar,cookie,milk,honey"
honey,nest,3,"honey,bee,hive,nest",3,"nest,egg,milk,honey"
honey,noneycomb,-1,NOT FOUND,,
honey,plastic,4,"honey,tea,bag,container,plastic",4,"plastic,bag,groceries,milk,honey"
honey,sticky,1,"honey,sticky",1,"sticky,honey"
honey,sweet,1,"honey,sweet",3,"sweet,sour,milk,honey"
honey,tea,1,"honey,tea",3,"tea,coffee,milk,honey"
honey,toast,3,"honey,sticky,syrup,toast",3,"toast,butter,milk,honey"
horse,animal,1,"horse,animal",1,"animal,horse"
horse,barn,3,"horse,animal,farm,barn",1,"barn,horse"
horse,carrot,3,"horse,animal,rabbit,carrot",1,"carrot,horse"
horse,cowboy,2,"horse,ride,cowboy",1,"cowboy,horse"
horse,farm,2,"horse,animal,farm",2,"farm,animal,horse"
horse,hay,4,"horse,animal,farm,barn,hay",1,"hay,horse"
horse,hoof,-1,NOT FOUND,,
horse,horseshoe,-1,NOT FOUND,,
horse,jockey,-1,NOT FOUND,,
horse,mane,-1,NOT FOUND,,
horse,race,1,"horse,race",1,"race,horse"
horse,rider,4,"horse,ride,bicycle,motorcycle,rider",1,"rider,horse"
horse,ride,1,"horse,ride",1,"ride,horse"
hospital,ambulance,2,"hospital,emergency,ambulance",1,"ambulance,hospital"
hospital,bed,1,"hospital,bed",4,"bed,bug,gross,sick,hospital"
hospital,desease,-1,NOT FOUND,,
hospital,doctor,1,"hospital,doctor",1,"doctor,hospital"
hospital,illness,2,"hospital,doctor,illness",1,"illness,hospital"
hospital,medicine,2,"hospital,doctor,medicine",1,"medicine,hospital"
hospital,needle,2,"hospital,nurse,needle",4,"needle,sharp,hurt,sick,hospital"
hospital,nurse,1,"hospital,nurse",1,"nurse,hospital"
hospital,patient,1,"hospital,patient",1,"patient,hospital"
house,bed,3,"house,home,sick,bed",2,"bed,room,house"
house,brick,1,"house,brick",1,"brick,house"
house,chimney,4,"house,brick,wood,fireplace,chimney",1,"chimney,house"
house,door,2,"house,room,door",1,"door,house"
house,family,1,"house,family",1,"family,house"
house,fireplace,3,"house,brick,wood,fireplace",2,"fireplace,burn,house"
house,furniture,2,"house,room,furniture",1,"furniture,house"
house,home,1,"house,home",1,"home,house"
house,kitchen,3,"house,room,living room,kitchen",1,"kitchen,house"
house,roof,1,"house,roof",1,"roof,house"
house,window,3,"house,room,wall,window",2,"window,glass,house"
ice-cream,bowl,-1,NOT FOUND,,
ice-cream,child,-1,NOT FOUND,,
ice-cream,chocolate,-1,NOT FOUND,,
ice-cream,cold,-1,NOT FOUND,,
ice-cream,cone,-1,NOT FOUND,,
ice-cream,cream,-1,NOT FOUND,,
ice-cream,freezer,-1,NOT FOUND,,
ice-cream,fridge,-1,NOT FOUND,,
ice-cream,kid,-1,NOT FOUND,,
ice-cream,milk,-1,NOT FOUND,,
ice-cream,spoon,-1,NOT FOUND,,
ice-cream,sprinkle,-1,NOT FOUND,,
ice-cream,sugar,-1,NOT FOUND,,
ice-cream,summer,-1,NOT FOUND,,
ice-cream,tasty,-1,NOT FOUND,,
ice-cream,truck,-1,NOT FOUND,,
ice-cream,vanilla,-1,NOT FOUND,,
key,car,1,"key,car",4,"car,drive,through,door,key"
key,chain,1,"key,chain",2,"chain,lock,key"
key,chest,4,"key,case,doctor,medicine,chest",2,"chest,lock,key"
key,door,1,"key,door",1,"door,key"
key,heart,4,"key,case,book,magazine,heart",3,"heart,chest,lock,key"
key,house,2,"key,door,house",3,"house,room,door,key"
key,lock,1,"key,lock",1,"lock,key"
key,metal,3,"key,chain,gold,metal",3,"metal,music,piano,key"
key,open,1,"key,open",2,"open,door,key"
key,safe,2,"key,lock,safe",2,"safe,lock,key"
key,treasure,4,"key,hole,dig,bury,treasure",3,"treasure,chest,lock,key"
key,unlock,-1,NOT FOUND,,
king,castle,2,"king,prince,castle",1,"castle,king"
king,crown,1,"king,crown",1,"crown,king"
king,kingdom,3,"king,prince,castle,kingdom",1,"kingdom,king"
king,knight,3,"king,prince,castle,knight",1,"knight,king"
king,leader,2,"king,monarch,leader",1,"leader,king"
king,money,2,"king,royalty,money",3,"money,rich,power,king"
king,palace,3,"king,prince,castle,palace",1,"palace,king"
king,power,2,"king,powerful,power",1,"power,king"
king,prince,1,"king,prince",1,"prince,king"
king,princess,2,"king,prince,princess",1,"princess,king"
king,queen,1,"king,queen",1,"queen,king"
king,ruler,1,"king,ruler",1,"ruler,king"
king,throne,2,"king,crown,throne",1,"throne,king"
knife,blood,2,"knife,cut,blood",2,"blood,cut,knife"
knife,board,3,"knife,cut,wood,board",3,"board,wood,cut,knife"
knife,bread,2,"knife,butter,bread",2,"bread,butter,knife"
knife,butter,1,"knife,butter",1,"butter,knife"
knife,chop,3,"knife,cut,wood,chop",1,"chop,knife"
knife,cut,1,"knife,cut",1,"cut,knife"
knife,dinner,3,"knife,spoon,soup,dinner",3,"dinner,food,steak,knife"
knife,dish,4,"knife,cut,through,break,dish",2,"dish,spoon,knife"
knife,food,2,"knife,fork,food",2,"food,steak,knife"
knife,fork,1,"knife,fork",1,"fork,knife"
knife,killer,3,"knife,cut,pain,killer",2,"killer,murder,knife"
knife,kitchen,3,"knife,fork,utensil,kitchen",1,"kitchen,knife"
knife,meal,3,"knife,fork,food,meal",3,"meal,food,steak,knife"
knife,meat,3,"knife,butter,bread,meat",2,"meat,steak,knife"
knife,metal,3,"knife,cut,wood,metal",3,"metal,silver,silverware,knife"
knife,murderer,4,"knife,cut,pain,killer,murderer",1,"murderer,knife"
knife,plate,3,"knife,spoon,silver,plate",2,"plate,fork,knife"
knife,sharp,1,"knife,sharp",1,"sharp,knife"
knife,spoon,1,"knife,spoon",1,"spoon,knife"
knife,steak,3,"knife,fork,food,steak",1,"steak,knife"
knife,steel,3,"knife,gun,bullet,steel",2,"steel,sword,knife"
knife,table,3,"knife,cut,wood,table",4,"table,top,gun,weapon,knife"
lamp,bedroom,4,"lamp,light,house,room,bedroom",2,"bedroom,light,lamp"
lamp,bright,2,"lamp,light,bright",2,"bright,light,lamp"
lamp,bulb,1,"lamp,bulb",1,"bulb,lamp"
lamp,desk,1,"lamp,desk",1,"desk,lamp"
lamp,electricity,5,"lamp,light,bright,flash,lightning,electricity",2,"electricity,light,lamp"
lamp,home,3,"lamp,light,house,home",3,"home,homeless,street,lamp"
lamp,house,2,"lamp,light,house",4,"house,building,city,light,lamp"
lamp,light,1,"lamp,light",1,"light,lamp"
lamp,night,3,"lamp,light,dark,night",3,"night,darkness,light,lamp"
lamp,read,3,"lamp,shade,glasses,read",3,"read,study,desk,lamp"
lamp,shade,1,"lamp,shade",1,"shade,lamp"
lamp,study,2,"lamp,desk,study",2,"study,desk,lamp"
lamp,switch,2,"lamp,light,switch",2,"switch,light,lamp"
lamp,table,1,"lamp,table",2,"table,desk,lamp"
leash,cat,-1,NOT FOUND,,
leash,collar,-1,NOT FOUND,,
leash,control,-1,NOT FOUND,,
leash,dog,-1,NOT FOUND,,
leash,leather,-1,NOT FOUND,,
leash,neck,-1,NOT FOUND,,
leash,owner,-1,NOT FOUND,,
leash,park,-1,NOT FOUND,,
leash,pet,-1,NOT FOUND,,
leash,walk,-1,NOT FOUND,,
letter,alphabet,1,"letter,alphabet",2,"alphabet,a,letter"
letter,envelope,1,"letter,envelope",1,"envelope,letter"
letter,ink,2,"letter,write,ink",3,"ink,pen,write,letter"
letter,letter,0,letter,0,letter
letter,mail,1,"letter,mail",1,"mail,letter"
letter,mailbox,1,"letter,mailbox",1,"mailbox,letter"
letter,mailman,2,"letter,mailbox,mailman",1,"mailman,letter"
letter,office,3,"letter,mailbox,post,office",2,"office,typewriter,letter"
letter,opener,1,"letter,opener",4,"opener,beginning,first,grade,letter"
letter,paper,1,"letter,paper",2,"paper,write,letter"
letter,pen,2,"letter,write,pen",2,"pen,write,letter"
letter,pencil,2,"letter,write,pencil",2,"pencil,write,letter"
letter,post,2,"letter,mailbox,post",1,"post,letter"
letter,stamp,1,"letter,stamp",1,"stamp,letter"
letter,words,3,"letter,write,spell,words",2,"words,read,letter"
lion,africa,1,"lion,africa",1,"africa,lion"
lion,antelope,4,"lion,safari,hunt,deer,antelope",2,"antelope,animal,lion"
lion,cub,1,"lion,cub",1,"cub,lion"
lion,deer,3,"lion,safari,hunt,deer",2,"deer,animal,lion"
lion,fur,2,"lion,animal,fur",2,"fur,animal,lion"
lion,gazelle,5,"lion,safari,hunt,deer,antelope,gazelle",2,"gazelle,animal,lion"
lion,grassland,-1,NOT FOUND,,
lion,hair,3,"lion,animal,fur,hair",4,"hair,lice,crab,animal,lion"
lion,jungle,2,"lion,tiger,jungle",1,"jungle,lion"
lion,king,1,"lion,king",4,"king,prince,castle,kingdom,lion"
lion,mane,-1,NOT FOUND,,
lion,meat,3,"lion,animal,horse,meat",3,"meat,cow,animal,lion"
lion,roar,1,"lion,roar",1,"roar,lion"
lion,safari,1,"lion,safari",1,"safari,lion"
lion,savannah,-1,NOT FOUND,,
lion,teeth,4,"lion,animal,fur,hair,teeth",4,"teeth,brush,bristle,thorn,lion"
lion,tiger,1,"lion,tiger",1,"tiger,lion"
lion,zoo,2,"lion,animal,zoo",1,"zoo,lion"
man,beard,4,"man,muscle,fit,trim,beard",1,"beard,man"
man,car,4,"man,muscle,body,part,car",3,"car,road,construction,man"
man,children,4,"man,muscle,build,blocks,children",2,"children,innocent,man"
man,father,3,"man,woman,mother,father",1,"father,man"
man,hair,3,"man,muscle,flex,hair",2,"hair,hat,man"
man,hammer,4,"man,muscle,hard,nail,hammer",2,"hammer,hit,man"
man,muscle,1,"man,muscle",1,"muscle,man"
man,power,3,"man,muscle,strength,power",2,"power,strong,man"
man,sport,3,"man,hole,golf,sport",3,"sport,active,running,man"
man,tools,5,"man,muscle,build,carpenter,plumber,tools",2,"tools,chest,man"
man,truck,4,"man,muscle,weights,lift,truck",3,"truck,dump,garbage,man"
man,woman,1,"man,woman",1,"woman,man"
mechanic,autoshop,-1,NOT FOUND,,
mechanic,car,1,"mechanic,car",2,"car,auto,mechanic"
mechanic,dirt,2,"mechanic,oil,dirt",4,"dirt,wash,car,auto,mechanic"
mechanic,engine,1,"mechanic,engine",3,"engine,motor,auto,mechanic"
mechanic,fix,1,"mechanic,fix",3,"fix,car,auto,mechanic"
mechanic,garage,4,"mechanic,tool,box,storage,garage",3,"garage,car,auto,mechanic"
mechanic,grease,1,"mechanic,grease",3,"grease,car,auto,mechanic"
mechanic,hammer,2,"mechanic,wrench,hammer",3,"hammer,tool,wrench,mechanic"
mechanic,jumpsuit,-1,NOT FOUND,,
mechanic,machine,1,"mechanic,machine",3,"machine,car,auto,mechanic"
mechanic,oil,1,"mechanic,oil",3,"oil,car,auto,mechanic"
mechanic,overall,-1,NOT FOUND,,
mechanic,tire,2,"mechanic,car,tire",3,"tire,car,auto,mechanic"
mechanic,toolbox,-1,NOT FOUND,,
mechanic,tools,3,"mechanic,wrench,plumber,tools",2,"tools,wrench,mechanic"
mechanic,uniform,2,"mechanic,worker,uniform",4,"uniform,police,car,auto,mechanic"
mechanic,workshop,-1,NOT FOUND,,
mechanic,wrench,1,"mechanic,wrench",1,"wrench,mechanic"
milk,baby,1,"milk,baby",3,"baby,rattle,shake,milk"
milk,bag,3,"milk,honey,tea,bag",2,"bag,groceries,milk"
milk,breakfast,2,"milk,cereal,breakfast",2,"breakfast,egg,milk"
milk,calcium,1,"milk,calcium",1,"calcium,milk"
milk,carton,3,"milk,cereal,box,carton",1,"carton,milk"
milk,cereal,1,"milk,cereal",1,"cereal,milk"
milk,cheese,1,"milk,cheese",1,"cheese,milk"
milk,chocolate,1,"milk,chocolate",1,"chocolate,milk"
milk,container,3,"milk,cookie,jar,container",2,"container,liquid,milk"
milk,cookie,1,"milk,cookie",1,"cookie,milk"
milk,cow,1,"milk,cow",1,"cow,milk"
milk,cup,2,"milk,drink,cup",2,"cup,saucer,milk"
milk,farm,2,"milk,dairy,farm",2,"farm,cow,milk"
milk,fridge,-1,NOT FOUND,,
milk,glass,2,"milk,drink,glass",2,"glass,juice,milk"
milk,goat,3,"milk,baby,kid,goat",1,"goat,milk"
milk,grocery,4,"milk,dairy,product,produce,grocery",1,"grocery,milk"
milk,jug,2,"milk,water,jug",1,"jug,milk"
milk,store,3,"milk,cookie,candy,store",2,"store,groceries,milk"
milk,white,1,"milk,white",4,"white,snow,plow,cow,milk"
monkey,banana,1,"monkey,banana",1,"banana,monkey"
monkey,circus,2,"monkey,animal,circus",3,"circus,animal,cage,monkey"
monkey,fur,2,"monkey,animal,fur",3,"fur,animal,cage,monkey"
monkey,hair,3,"monkey,cute,fine,hair",4,"hair,lice,bug,spider,monkey"
monkey,human,1,"monkey,human",2,"human,ape,monkey"
monkey,jungle,1,"monkey,jungle",1,"jungle,monkey"
monkey,rainforest,-1,NOT FOUND,,
monkey,tail,3,"monkey,animal,pig,tail",2,"tail,donkey,monkey"
monkey,tree,1,"monkey,tree",3,"tree,squirrel,chipmunk,monkey"
monkey,vine,2,"monkey,jungle,vine",2,"vine,tarzan,monkey"
monkey,zoo,1,"monkey,zoo",1,"zoo,monkey"
mouse,basement,4,"mouse,hole,deep,below,basement",3,"basement,cellar,rat,mouse"
mouse,cat,1,"mouse,cat",1,"cat,mouse"
mouse,cheese,1,"mouse,cheese",1,"cheese,mouse"
mouse,computer,4,"mouse,trap,escape,enter,computer",3,"computer,key,hole,mouse"
mouse,hole,1,"mouse,hole",1,"hole,mouse"
mouse,house,1,"mouse,house",3,"house,dog,cat,mouse"
mouse,size,3,"mouse,house,room,size",2,"size,small,mouse"
mouse,small,1,"mouse,small",1,"small,mouse"
mouse,tail,2,"mouse,rat,tail",1,"tail,mouse"
mouse,trap,1,"mouse,trap",1,"trap,mouse"
mouse,whiskers,5,"mouse,trap,bear,grizzly,beard,whiskers",2,"whiskers,cat,mouse"
paper,airplane,4,"paper,bag,luggage,trip,airplane",2,"airplane,fly,paper"
paper,book,1,"paper,book",1,"book,paper"
paper,homework,2,"paper,school,homework",1,"homework,paper"
paper,letter,2,"paper,write,letter",1,"letter,paper"
paper,notebook,4,"paper,write,note,pad,notebook",1,"notebook,paper"
paper,notes,4,"paper,book,knowledge,information,notes",1,"notes,paper"
paper,origami,-1,NOT FOUND,,
paper,pen,1,"paper,pen",1,"pen,paper"
paper,pencil,1,"paper,pencil",2,"pencil,pen,paper"
paper,printer,4,"paper,write,print,computer,printer",1,"printer,paper"
paper,school,1,"paper,school",2,"school,book,paper"
paper,scissors,3,"paper,wood,cut,scissors",1,"scissors,paper"
paper,stationary,-1,NOT FOUND,,
paper,tree,1,"paper,tree",3,"tree,fort,wall,paper"
paper,white,1,"paper,white",1,"white,paper"
paper,writing,4,"paper,write,spell,english,writing",1,"writing,paper"
pencil,case,4,"pencil,sharp,soft,pillow,case",2,"case,point,pencil"
pencil,desk,3,"pencil,wood,chair,desk",1,"desk,pencil"
pencil,drawing,4,"pencil,eraser,chalk,crayon,drawing",1,"drawing,pencil"
pencil,eraser,1,"pencil,eraser",1,"eraser,pencil"
pencil,exam,3,"pencil,write,essay,exam",3,"exam,grade,mark,pencil"
pencil,graphite,-1,NOT FOUND,,
pencil,hand,3,"pencil,sharp,cut,hand",2,"hand,write,pencil"
pencil,lead,1,"pencil,lead",1,"lead,pencil"
pencil,paper,2,"pencil,pen,paper",1,"paper,pencil"
pencil,pen,1,"pencil,pen",1,"pen,pencil"
pencil,school,3,"pencil,pen,paper,school",3,"school,book,marker,pencil"
pencil,sharpener,-1,NOT FOUND,,
pencil,table,2,"pencil,wood,table",2,"table,desk,pencil"
pencil,test,3,"pencil,write,essay,test",3,"test,question,mark,pencil"
pencil,wood,1,"pencil,wood",2,"wood,paper,pencil"
pencil,writing,4,"pencil,write,spell,english,writing",1,"writing,pencil"
pie,apple,1,"pie,apple",1,"apple,pie"
pie,baker,5,"pie,cake,mix,match,maker,baker",1,"baker,pie"
pie,blueberry,1,"pie,blueberry",1,"blueberry,pie"
pie,cherry,1,"pie,cherry",1,"cherry,pie"
pie,cream,1,"pie,cream",3,"cream,strawberry,cherry,pie"
pie,crust,1,"pie,crust",1,"crust,pie"
pie,dessert,1,"pie,dessert",1,"dessert,pie"
pie,fill,4,"pie,sky,space,blank,fill",3,"fill,dirt,mud,pie"
pie,fork,4,"pie,crust,edge,knife,fork",3,"fork,food,apple,pie"
pie,ice-cream,-1,NOT FOUND,,
pie,oven,2,"pie,bake,oven",2,"oven,bake,pie"
pie,plate,4,"pie,slice,orange,bowl,plate",3,"plate,food,apple,pie"
pie,pumpkin,1,"pie,pumpkin",1,"pumpkin,pie"
pie,thanksgiving,4,"pie,bake,chicken,turkey,thanksgiving",3,"thanksgiving,food,apple,pie"
pie,whipped,-1,NOT FOUND,,
pilot,air,2,"pilot,plane,air",3,"air,fly,airplane,pilot"
pilot,airplane,2,"pilot,fly,airplane",1,"airplane,pilot"
pilot,airport,3,"pilot,fly,airplane,airport",3,"airport,trip,airplane,pilot"
pilot,attendant,-1,NOT FOUND,,
pilot,cap,3,"pilot,navigator,sailor,cap",4,"cap,baseball,base,air force,pilot"
pilot,flight,2,"pilot,navigator,flight",2,"flight,airplane,pilot"
pilot,goggle,-1,NOT FOUND,,
pilot,hat,3,"pilot,navigator,sailor,hat",4,"hat,baseball,base,air force,pilot"
pilot,helicopter,3,"pilot,fly,airplane,helicopter",1,"helicopter,pilot"
pilot,passenger,2,"pilot,driver,passenger",1,"passenger,pilot"
pilot,sky,2,"pilot,plane,sky",4,"sky,plane,fly,airplane,pilot"
pilot,uniform,3,"pilot,captain,military,uniform",3,"uniform,military,air force,pilot"
plate,cup,1,"plate,cup",2,"cup,saucer,plate"
plate,dinner,1,"plate,dinner",4,"dinner,lunch,salad,bowl,plate"
plate,dishwasher,4,"plate,silverware,kitchen,appliance,dishwasher",3,"dishwasher,kitchen,dish,plate"
plate,food,1,"plate,food",4,"food,drink,cup,saucer,plate"
plate,fork,1,"plate,fork",3,"fork,utensil,silverware,plate"
plate,kitchen,2,"plate,silverware,kitchen",2,"kitchen,dish,plate"
plate,knife,2,"plate,fork,knife",3,"knife,spoon,silver,plate"
plate,meal,2,"plate,food,meal",4,"meal,ticket,bill,name,plate"
plate,napkin,2,"plate,silverware,napkin",1,"napkin,plate"
plate,spoon,1,"plate,spoon",2,"spoon,silver,plate"
plate,table,2,"plate,silverware,table",3,"table,cloth,dish,plate"
plate,utensil,2,"plate,fork,utensil",2,"utensil,silverware,plate"
police officer,badge,-1,NOT FOUND,,
police officer,car,-1,NOT FOUND,,
police officer,criminal,-1,NOT FOUND,,
police officer,gun,-1,NOT FOUND,,
police officer,handcuffs,-1,NOT FOUND,,
police officer,law,-1,NOT FOUND,,
police officer,police,-1,NOT FOUND,,
police officer,siren,-1,NOT FOUND,,
police officer,uniform,-1,NOT FOUND,,
postman,bag,-1,NOT FOUND,,
postman,box,-1,NOT FOUND,,
postman,car,-1,NOT FOUND,,
postman,delivery,-1,NOT FOUND,,
postman,dog,-1,NOT FOUND,,
postman,envelope,-1,NOT FOUND,,
postman,letter,-1,NOT FOUND,,
postman,mail,-1,NOT FOUND,,
postman,mailbox,-1,NOT FOUND,,
postman,office,-1,NOT FOUND,,
postman,package,-1,NOT FOUND,,
postman,parcel,-1,NOT FOUND,,
postman,post,-1,NOT FOUND,,
postman,satchel,-1,NOT FOUND,,
postman,shorts,-1,NOT FOUND,,
postman,stamp,-1,NOT FOUND,,
postman,truck,-1,NOT FOUND,,
postman,uniform,-1,NOT FOUND,,
pumpkin,autumn,4,"pumpkin,patch,hole,fall,autumn",5,"autumn,brown,dirt,mud,pie,pumpkin"
pumpkin,candle,4,"pumpkin,pie,cake,birthday,candle",4,"candle,stick,mud,pie,pumpkin"
pumpkin,candy,2,"pumpkin,halloween,candy",3,"candy,apple,pie,pumpkin"
pumpkin,farm,2,"pumpkin,seed,farm",3,"farm,crops,harvest,pumpkin"
pumpkin,field,3,"pumpkin,patch,strawberry,field",3,"field,strawberry,patch,pumpkin"
pumpkin,halloween,1,"pumpkin,halloween",1,"halloween,pumpkin"
pumpkin,jack-o-lantern,-1,NOT FOUND,,
pumpkin,knife,4,"pumpkin,seed,grass,cut,knife",4,"knife,cut,slice,pie,pumpkin"
pumpkin,light,3,"pumpkin,patch,fog,light",4,"light,dark,scary,halloween,pumpkin"
pumpkin,orange,1,"pumpkin,orange",3,"orange,apple,pie,pumpkin"
pumpkin,patch,1,"pumpkin,patch",1,"patch,pumpkin"
pumpkin,pie,1,"pumpkin,pie",1,"pie,pumpkin"
pumpkin,seed,1,"pumpkin,seed",3,"seed,apple,pie,pumpkin"
rabbit,bunny,1,"rabbit,bunny",1,"bunny,rabbit"
rabbit,burrow,-1,NOT FOUND,,
rabbit,cabbage,4,"rabbit,carrot,peas,potatoes,cabbage",1,"cabbage,rabbit"
rabbit,cage,2,"rabbit,animal,cage",2,"cage,animal,rabbit"
rabbit,carrot,1,"rabbit,carrot",1,"carrot,rabbit"
rabbit,ears,1,"rabbit,ears",4,"ears,big,dog,animal,rabbit"
rabbit,easter,1,"rabbit,easter",1,"easter,rabbit"
rabbit,fur,1,"rabbit,fur",1,"fur,rabbit"
rabbit,grass,3,"rabbit,jack,hill,grass",3,"grass,green,frog,rabbit"
rabbit,hole,2,"rabbit,fox,hole",1,"hole,rabbit"
rabbit,hop,1,"rabbit,hop",1,"hop,rabbit"
rabbit,jump,1,"rabbit,jump",2,"jump,hop,rabbit"
rabbit,lettuce,3,"rabbit,carrot,tomato,lettuce",1,"lettuce,rabbit"
rabbit,pet,2,"rabbit,animal,pet",2,"pet,animal,rabbit"
rabbit,tail,2,"rabbit,fox,tail",2,"tail,animal,rabbit"
rabbit,teeth,3,"rabbit,fox,wolf,teeth",3,"teeth,cavity,hole,rabbit"
restaurant,chef,4,"restaurant,cafe,french,pastry,chef",2,"chef,cook,restaurant"
restaurant,dish,4,"restaurant,food,lunch,break,dish",3,"dish,pan,cook,restaurant"
restaurant,drink,2,"restaurant,food,drink",3,"drink,wine,dine,restaurant"
restaurant,food,1,"restaurant,food",4,"food,hunger,pizza,italian,restaurant"
restaurant,menu,-1,NOT FOUND,,
restaurant,money,3,"restaurant,mcdonald's,gross,money",4,"money,gas,stove,cook,restaurant"
restaurant,plate,4,"restaurant,diner,waiter,tray,plate",3,"plate,china,chinese,restaurant"
restaurant,table,2,"restaurant,diner,table",5,"table,sit,lay,eggs,cook,restaurant"
restaurant,waiter,2,"restaurant,diner,waiter",1,"waiter,restaurant"
restaurant,waitress,3,"restaurant,diner,waiter,waitress",1,"waitress,restaurant"
river,animals,4,"river,lake,forest,wilderness,animals",4,"animals,wild,calm,sea,river"
river,boat,1,"river,boat",2,"boat,canoe,river"
river,canoe,1,"river,canoe",1,"canoe,river"
river,current,2,"river,flow,current",1,"current,river"
river,fish,1,"river,fish",2,"fish,sea,river"
river,flow,1,"river,flow",1,"flow,river"
river,forest,2,"river,lake,forest",3,"forest,timber,lake,river"
river,kayak,-1,NOT FOUND,,
river,lake,1,"river,lake",1,"lake,river"
river,ocean,1,"river,ocean",2,"ocean,sea,river"
river,rocks,5,"river,stream,line,road,gravel,rocks",1,"rocks,river"
river,stone,4,"river,bed,room,building,stone",4,"stone,pebble,sand,sea,river"
river,swim,1,"river,swim",3,"swim,fish,sea,river"
river,trees,3,"river,wind,fall,trees",4,"trees,environment,land,sea,river"
river,water,1,"river,water",2,"water,sea,river"
river,wildlife,-1,NOT FOUND,,
santa,beard,4,"santa,toys,bear,grizzly,beard",1,"beard,santa"
santa,cap,4,"santa,toys,boys,hood,cap",4,"cap,baseball,card,christmas,santa"
santa,children,2,"santa,toys,children",5,"children,love,like,joy,christmas,santa"
santa,chimney,5,"santa,toys,bear,woods,fireplace,chimney",1,"chimney,santa"
santa,christmas,1,"santa,christmas",1,"christmas,santa"
santa,coat,4,"santa,lie,tale,tail,coat",4,"coat,tie,silk,stocking,santa"
santa,cookie,5,"santa,lie,deceive,trick,treat,cookie",4,"cookie,monster,halloween,christmas,santa"
santa,elf,4,"santa,lie,tale,fairy,elf",1,"elf,santa"
santa,gift,2,"santa,christmas,gift",2,"gift,christmas,santa"
santa,hat,4,"santa,christmas,tree,top,hat",4,"hat,baseball,card,christmas,santa"
santa,present,2,"santa,christmas,present",2,"present,christmas,santa"
santa,red,3,"santa,lie,white,red",3,"red,green,elf,santa"
santa,reindeer,6,"santa,christmas,tree,forest,wilderness,deer,reindeer",1,"reindeer,santa"
santa,sled,-1,NOT FOUND,,
santa,sleigh,7,"santa,christmas,tree,forest,wilderness,deer,reindeer,sleigh",1,"sleigh,santa"
santa,snow,2,"santa,christmas,snow",5,"snow,plow,plant,green,elf,santa"
santa,suit,4,"santa,christmas,present,birthday,suit",4,"suit,tie,silk,stocking,santa"
santa,tree,2,"santa,christmas,tree",3,"tree,green,elf,santa"
school,blackboard,4,"school,book,marker,eraser,blackboard",1,"blackboard,school"
school,book,1,"school,book",1,"book,school"
school,bus,1,"school,bus",1,"bus,school"
school,children,2,"school,bus,children",1,"children,school"
school,classmate,-1,NOT FOUND,,
school,classroom,-1,NOT FOUND,,
school,desk,2,"school,study,desk",1,"desk,school"
school,exam,3,"school,homework,test,exam",2,"exam,test,school"
school,friends,3,"school,college,high school,friends",2,"friends,important,school"
school,homework,1,"school,homework",1,"homework,school"
school,learning,2,"school,homework,learning",1,"learning,school"
school,locker,-1,NOT FOUND,,
school,pencil,3,"school,book,marker,pencil",3,"pencil,pen,paper,school"
school,school,0,school,0,school
school,student,1,"school,student",1,"student,school"
school,teacher,1,"school,teacher",1,"teacher,school"
school,test,2,"school,homework,test",1,"test,school"
scissors,artwork,-1,NOT FOUND,,
scissors,blade,2,"scissors,knife,blade",2,"blade,cut,scissors"
scissors,craft,4,"scissors,cut,blood,vessel,craft",3,"craft,wood,cut,scissors"
scissors,cut,1,"scissors,cut",1,"cut,scissors"
scissors,glue,4,"scissors,cut,scratch,sniff,glue",4,"glue,sniff,scratch,cut,scissors"
scissors,hair,2,"scissors,cut,hair",2,"hair,cut,scissors"
scissors,hand,2,"scissors,cut,hand",4,"hand,finger,fingernail,cut,scissors"
scissors,knife,1,"scissors,knife",2,"knife,cut,scissors"
scissors,metal,3,"scissors,cut,wood,metal",3,"metal,wood,cut,scissors"
scissors,paper,1,"scissors,paper",3,"paper,wood,cut,scissors"
scissors,rock,4,"scissors,cut,wood,hard,rock",4,"rock,sway,lean,trim,scissors"
scissors,school,2,"scissors,paper,school",4,"school,hard,wood,cut,scissors"
scissors,sharp,1,"scissors,sharp",2,"sharp,cut,scissors"
sheep,barn,2,"sheep,farm,barn",3,"barn,red,black,sheep"
sheep,dog,1,"sheep,dog",4,"dog,animal,bear,black,sheep"
sheep,farm,1,"sheep,farm",3,"farm,ranch,cattle,sheep"
sheep,field,1,"sheep,field",2,"field,meadow,sheep"
sheep,flock,-1,NOT FOUND,,
sheep,fur,2,"sheep,animal,fur",3,"fur,fuzzy,fluffy,sheep"
sheep,grass,2,"sheep,field,grass",3,"grass,dirt,black,sheep"
sheep,hay,3,"sheep,farm,barn,hay",3,"hay,field,meadow,sheep"
sheep,herd,1,"sheep,herd",1,"herd,sheep"
sheep,lamb,1,"sheep,lamb",1,"lamb,sheep"
sheep,meadow,2,"sheep,field,meadow",1,"meadow,sheep"
sheep,pasture,2,"sheep,cow,pasture",2,"pasture,meadow,sheep"
sheep,scissors,4,"sheep,goat,beard,trim,scissors",4,"scissors,cut,hair,black,sheep"
sheep,shears,7,"sheep,animal,circus,ring,finger,fingernail,clippers,shears",3,"shears,hair,black,sheep"
sheep,shepard,-1,NOT FOUND,,
sheep,sweater,1,"sheep,sweater",2,"sweater,wool,sheep"
sheep,white,1,"sheep,white",2,"white,black,sheep"
sheep,wolf,2,"sheep,lamb,wolf",3,"wolf,gray,black,sheep"
sheep,wool,1,"sheep,wool",1,"wool,sheep"
ship,anchor,3,"ship,ahoy,sailor,anchor",1,"anchor,ship"
ship,boat,1,"ship,boat",1,"boat,ship"
ship,captain,2,"ship,ahoy,captain",1,"captain,ship"
ship,cargo,-1,NOT FOUND,,
ship,crew,6,"ship,ahoy,sailor,anchor,news,cast,crew",1,"crew,ship"
ship,cruise,1,"ship,cruise",1,"cruise,ship"
ship,dock,5,"ship,ahoy,sailor,bay,harbor,dock",1,"dock,ship"
ship,fish,2,"ship,sea,fish",3,"fish,pole,flag,ship"
ship,flag,3,"ship,ocean,freedom,flag",1,"flag,ship"
ship,goods,4,"ship,yard,sale,store,goods",4,"goods,clothes,body,build,ship"
ship,harbour,-1,NOT FOUND,,
ship,mast,-1,NOT FOUND,,
ship,merchandise,-1,NOT FOUND,,
ship,ocean,1,"ship,ocean",3,"ocean,freedom,flag,ship"
ship,passenger,5,"ship,boat,motor,motorcycle,rider,passenger",3,"passenger,car,boat,ship"
ship,people,3,"ship,ocean,beautiful,people",3,"people,family,member,ship"
ship,pirate,4,"ship,yard,fence,sword,pirate",1,"pirate,ship"
ship,plank,-1,NOT FOUND,,
ship,port,5,"ship,ahoy,sailor,bay,harbor,port",1,"port,ship"
ship,sailor,2,"ship,ahoy,sailor",1,"sailor,ship"
ship,sail,1,"ship,sail",2,"sail,boat,ship"
ship,sea,1,"ship,sea",2,"sea,boat,ship"
ship,titanic,-1,NOT FOUND,,
ship,water,1,"ship,water",3,"water,sea,boat,ship"
shoes,boots,4,"shoes,leather,shoe,sneaker,boots",1,"boots,shoes"
shoes,box,3,"shoes,leather,bag,box",3,"box,shoe,boot,shoes"
shoes,converse,-1,NOT FOUND,,
shoes,dirt,3,"shoes,new,clean,dirt",4,"dirt,mud,pig,pink,shoes"
shoes,feet,1,"shoes,feet",1,"feet,shoes"
shoes,floor,4,"shoes,new,clean,mop,floor",4,"floor,tile,cold,feet,shoes"
shoes,ground,4,"shoes,leather,boot,camp,ground",4,"ground,hard,soft,comfortable,shoes"
shoes,heel,4,"shoes,leather,shoe,sole,heel",3,"heel,ankle,socks,shoes"
shoes,high,4,"shoes,leather,goods,drugs,high",4,"high,tall,height,feet,shoes"
shoes,holt,-1,NOT FOUND,,
shoes,lace,3,"shoes,leather,shoe,lace",3,"lace,dress,pants,shoes"
shoes,leather,1,"shoes,leather",2,"leather,suede,shoes"
shoes,mall,4,"shoes,leather,bag,shopping,mall",3,"mall,clothes,pants,shoes"
shoes,mud,3,"shoes,sneakers,dirty,mud",3,"mud,pig,pink,shoes"
shoes,nike,-1,NOT FOUND,,
shoes,renfrew,-1,NOT FOUND,,
shoes,running,4,"shoes,tennis,sport,active,running",1,"running,shoes"
shoes,shoebox,-1,NOT FOUND,,
shoes,shoelace,4,"shoes,leather,shoe,sneaker,shoelace",3,"shoelace,shoe,boot,shoes"
shoes,sneakers,1,"shoes,sneakers",1,"sneakers,shoes"
shoes,socks,1,"shoes,socks",1,"socks,shoes"
shoes,sole,3,"shoes,leather,shoe,sole",1,"sole,shoes"
shoes,store,3,"shoes,new,brand,store",3,"store,clothes,pants,shoes"
shoes,toes,2,"shoes,feet,toes",2,"toes,feet,shoes"
shoes,velcro,-1,NOT FOUND,,
spider,black,2,"spider,bug,black",4,"black,man,lady,bug,spider"
spider,bug,1,"spider,bug",1,"bug,spider"
spider,cob,5,"spider,fly,soup,vegetables,corn,cob",2,"cob,web,spider"
spider,corner,3,"spider,monkey,around,corner",4,"corner,room,dorm,roach,spider"
spider,fear,4,"spider,monkey,drugs,danger,fear",2,"fear,snake,spider"
spider,fly,1,"spider,fly",2,"fly,roach,spider"
spider,halloween,4,"spider,bug,ugly,scary,halloween",4,"halloween,movie,screen,bug,spider"
spider,house,3,"spider,monkey,animal,house",4,"house,room,dorm,roach,spider"
spider,insect,1,"spider,insect",2,"insect,bug,spider"
spider,legs,1,"spider,legs",4,"legs,woman,lady,bug,spider"
spider,net,3,"spider,bug,mosquito,net",4,"net,gross,slimy,snake,spider"
spider,poison,4,"spider,monkey,drugs,medicine,poison",2,"poison,snake,spider"
spider,scare,4,"spider,bug,ugly,scary,scare",3,"scare,fear,snake,spider"
spider,shoe,3,"spider,monkey,shine,shoe",4,"shoe,salesman,annoying,bug,spider"
spider,venom,5,"spider,monkey,jungle,deadly,snake,venom",2,"venom,snake,spider"
spider,web,1,"spider,web",1,"web,spider"
student,assignment,3,"student,study,homework,assignment",2,"assignment,class,student"
student,backpack,4,"student,test,tube,hike,backpack",1,"backpack,student"
student,book,1,"student,book",2,"book,school,student"
student,class,1,"student,class",1,"class,student"
student,college,1,"student,college",1,"college,student"
student,computer,3,"student,teacher,apple,computer",3,"computer,program,class,student"
student,desk,2,"student,study,desk",1,"desk,student"
student,education,1,"student,education",1,"education,student"
student,get,4,"student,class,learn,acquire,get",3,"get,grab,me,student"
student,homework,2,"student,study,homework",2,"homework,class,student"
student,laptop,-1,NOT FOUND,,
student,learning,3,"student,study,homework,learning",2,"learning,education,student"
student,notebook,4,"student,class,lecture,notes,notebook",2,"notebook,class,student"
student,pencil,3,"student,book,marker,pencil",4,"pencil,pen,paper,school,student"
student,school,1,"student,school",1,"school,student"
student,study,1,"student,study",2,"study,class,student"
student,teacher,1,"student,teacher",1,"teacher,student"
student,textbook,-1,NOT FOUND,,
student,university,1,"student,university",2,"university,class,student"
table,chair,1,"table,chair",1,"chair,table"
table,cutlery,-1,NOT FOUND,,
table,dinner,1,"table,dinner",4,"dinner,food,water,pool,table"
table,dish,2,"table,cloth,dish",3,"dish,wash,cloth,table"
table,food,2,"table,dinner,food",3,"food,water,pool,table"
table,homework,2,"table,desk,homework",3,"homework,study,desk,table"
table,kitchen,4,"table,chair,wood,stove,kitchen",1,"kitchen,table"
table,legs,1,"table,legs",4,"legs,body,shape,round,table"
table,meal,2,"table,dinner,meal",4,"meal,food,water,pool,table"
table,plate,3,"table,cloth,dish,plate",2,"plate,silverware,table"
table,tablecloth,-1,NOT FOUND,,
table,wood,2,"table,chair,wood",1,"wood,table"
teacher,apple,1,"teacher,apple",4,"apple,food,lunch,school,teacher"
teacher,blackboard,4,"teacher,book,marker,eraser,blackboard",1,"blackboard,teacher"
teacher,book,1,"teacher,book",2,"book,school,teacher"
teacher,chalk,4,"teacher,class,room,board,chalk",3,"chalk,eraser,blackboard,teacher"
teacher,class,1,"teacher,class",1,"class,teacher"
teacher,classroom,-1,NOT FOUND,,
teacher,desk,3,"teacher,class,study,desk",1,"desk,teacher"
teacher,homework,2,"teacher,school,homework",2,"homework,class,teacher"
teacher,school,1,"teacher,school",1,"school,teacher"
teacher,student,1,"teacher,student",1,"student,teacher"
teacher,teach,1,"teacher,teach",1,"teach,teacher"
teacher,whiteboard,-1,NOT FOUND,,
tree,bark,1,"tree,bark",1,"bark,tree"
tree,bird,3,"tree,flower,seed,bird",1,"bird,tree"
tree,branch,1,"tree,branch",1,"branch,tree"
tree,earth,2,"tree,nature,earth",3,"earth,dirt,plant,tree"
tree,forrest,-1,NOT FOUND,,
tree,fruit,3,"tree,flower,seed,fruit",1,"fruit,tree"
tree,green,1,"tree,green",1,"green,tree"
tree,ground,3,"tree,fort,camp,ground",3,"ground,dirt,plant,tree"
tree,leaves,2,"tree,bush,leaves",1,"leaves,tree"
tree,nest,3,"tree,nature,birds,nest",2,"nest,bird,tree"
tree,root,3,"tree,flower,stem,root",1,"root,tree"
tree,soil,3,"tree,flower,plant,soil",2,"soil,plant,tree"
tree,squirrel,1,"tree,squirrel",1,"squirrel,tree"
tree,trunk,1,"tree,trunk",1,"trunk,tree"
tree,water,3,"tree,flower,vase,water",3,"water,liquid,paper,tree"
tree,wood,2,"tree,fort,wood",1,"wood,tree"
vase,break,1,"vase,break",1,"break,vase"
vase,crystal,2,"vase,glass,crystal",1,"crystal,vase"
vase,decoration,7,"vase,art,creative,smart,wise,sage,parsley,decoration",2,"decoration,flowers,vase"
vase,flower,1,"vase,flower",1,"flower,vase"
vase,glass,1,"vase,glass",2,"glass,crystal,vase"
vase,pretty,2,"vase,flower,pretty",2,"pretty,flower,vase"
vase,table,3,"vase,ceramic,tray,table",4,"table,dinner,lunch,break,vase"
vase,water,1,"vase,water",3,"water,jug,ceramic,vase"
waitress,apron,-1,NOT FOUND,,
waitress,drink,2,"waitress,food,drink",4,"drink,drunk,bar,bartender,waitress"
waitress,food,1,"waitress,food",3,"food,fruit,cocktail,waitress"
waitress,girl,2,"waitress,host,girl",5,"girl,friend,buddy,system,order,waitress"
waitress,menu,-1,NOT FOUND,,
waitress,money,1,"waitress,money",4,"money,bill,law,order,waitress"
waitress,notepad,-1,NOT FOUND,,
waitress,paper,3,"waitress,cook,book,paper",4,"paper,pencil,point,tip,waitress"
waitress,plate,2,"waitress,tray,plate",4,"plate,food,fruit,cocktail,waitress"
waitress,restaurant,1,"waitress,restaurant",3,"restaurant,diner,waiter,waitress"
waitress,tip,1,"waitress,tip",1,"tip,waitress"
waitress,waiter,1,"waitress,waiter",1,"waiter,waitress"
witch,besom,-1,NOT FOUND,,
witch,broom,1,"witch,broom",1,"broom,witch"
witch,broomstick,-1,NOT FOUND,,
witch,cape,5,"witch,mean,nasty,boys,hood,cape",3,"cape,magician,wand,witch"
witch,cat,1,"witch,cat",5,"cat,mouse,trap,trick,halloween,witch"
witch,cauldron,-1,NOT FOUND,,
witch,cloth,4,"witch,nose,mouth,wash,cloth",4,"cloth,clean,mop,broom,witch"
witch,coat,3,"witch,magic,hat,coat",4,"coat,hat,black,evil,witch"
witch,dark,2,"witch,black,dark",3,"dark,black,evil,witch"
witch,evil,1,"witch,evil",1,"evil,witch"
witch,green,1,"witch,green",3,"green,elf,fairy,witch"
witch,halloween,1,"witch,halloween",1,"halloween,witch"
witch,hat,2,"witch,magic,hat",3,"hat,black,evil,witch"
witch,long,4,"witch,mean,tough,life,long",4,"long,hair,black,evil,witch"
witch,magic,1,"witch,magic",2,"magic,wand,witch"
witch,nose,1,"witch,nose",4,"nose,smell,good,evil,witch"
witch,pointy,-1,NOT FOUND,,
witch,pot,3,"witch,green,grass,pot",4,"pot,food,good,evil,witch"
witch,pumpkin,2,"witch,halloween,pumpkin",2,"pumpkin,halloween,witch"
witch,robe,4,"witch,sister,nun,monk,robe",4,"robe,night,darkness,evil,witch"
witch,spell,2,"witch,magic,spell",1,"spell,witch"
witch,wand,2,"witch,magic,wand",1,"wand,witch"
witch,wart,1,"witch,wart",1,"wart,witch"
witch,wizard,-1,NOT FOUND,,
woman,beauty,3,"woman,love,admire,beauty",1,"beauty,woman"
woman,children,4,"woman,mother,support,parents,children",2,"children,mother,woman"
woman,clothes,3,"woman,lady,dress,clothes",2,"clothes,dress,woman"
woman,cooking,5,"woman,man,hole,dirt,mess,cooking",2,"cooking,cleaning,woman"
woman,dress,2,"woman,lady,dress",1,"dress,woman"
woman,hair,3,"woman,female,red,hair",3,"hair,style,dress,woman"
woman,jewellery,-1,NOT FOUND,,
woman,lipstick,5,"woman,love,happy,face,make up,lipstick",1,"lipstick,woman"
woman,long,3,"woman,love,life,long",2,"long,legs,woman"
woman,makeup,-1,NOT FOUND,,
woman,man,1,"woman,man",1,"man,woman"
woman,mascara,5,"woman,love,happy,face,make up,mascara",1,"mascara,woman"
woman,mother,1,"woman,mother",1,"mother,woman"
woman,purse,5,"woman,love,hug,hold,carry,purse",2,"purse,handbag,woman"
woman,shoes,4,"woman,love,heart,pump,shoes",3,"shoes,socks,pantyhose,woman"
