airplane,air,1,"airplane,air"
airplane,airport,1,"airplane,airport"
airplane,attendant,-1,NOT FOUND
airplane,cloud,2,"airplane,sky,cloud"
airplane,flight,1,"airplane,flight"
airplane,food,2,"airplane,peanuts,food"
airplane,journey,2,"airplane,trip,journey"
airplane,luggage,2,"airplane,airport,luggage"
airplane,meal,3,"airplane,reservation,dinner,meal"
airplane,passenger,2,"airplane,car,passenger"
airplane,pilot,1,"airplane,pilot"
airplane,runway,-1,NOT FOUND
airplane,seat,2,"airplane,car,seat"
airplane,sky,1,"airplane,sky"
airplane,stewardess,1,"airplane,stewardess"
airplane,suitcase,2,"airplane,trip,suitcase"
airplane,travel,1,"airplane,travel"
airplane,trip,1,"airplane,trip"
airplane,wings,1,"airplane,wings"
apple,autumn,2,"apple,tree,autumn"
apple,banana,1,"apple,banana"
apple,core,1,"apple,core"
apple,fruit,1,"apple,fruit"
apple,green,1,"apple,green"
apple,juice,1,"apple,juice"
apple,leaf,2,"apple,green,leaf"
apple,orange,1,"apple,orange"
apple,orchard,1,"apple,orchard"
apple,pie,1,"apple,pie"
apple,red,1,"apple,red"
apple,seed,1,"apple,seed"
apple,teacher,1,"apple,teacher"
apple,tree,1,"apple,tree"
apple,worm,1,"apple,worm"
ax,chop,1,"ax,chop"
ax,cut,1,"ax,cut"
ax,deodarant,-1,NOT FOUND
ax,fire,2,"ax,wood,fire"
ax,handle,1,"ax,handle"
ax,log,2,"ax,wood,log"
ax,lumberjack,-1,NOT FOUND
ax,metal,2,"ax,wood,metal"
ax,murderer,1,"ax,murderer"
ax,spray,3,"ax,kill,shoot,spray"
ax,steel,2,"ax,sword,steel"
ax,tree,1,"ax,tree"
ax,wood,1,"ax,wood"
baby,blanket,3,"baby,girl,cover,blanket"
baby,bottle,1,"baby,bottle"
baby,cradle,1,"baby,cradle"
baby,crib,1,"baby,crib"
baby,cry,1,"baby,cry"
baby,cute,1,"baby,cute"
baby,diaper,1,"baby,diaper"
baby,milk,1,"baby,milk"
baby,mother,1,"baby,mother"
baby,pacify,-1,NOT FOUND
baby,small,1,"baby,small"
baby,sooth,-1,NOT FOUND
baby,towel,2,"baby,wipe,towel"
baby,toy,1,"baby,toy"
bag,book,2,"bag,case,book"
bag,computer,2,"bag,chips,computer"
bag,food,1,"bag,food"
bag,groceries,1,"bag,groceries"
bag,hand,2,"bag,handle,hand"
bag,handle,1,"bag,handle"
bag,laptop,-1,NOT FOUND
bag,paper,1,"bag,paper"
bag,plastic,1,"bag,plastic"
bag,school,2,"bag,paper,school"
bag,shopping,1,"bag,shopping"
bag,wallet,2,"bag,case,wallet"
bag,woman,2,"bag,pocketbook,woman"
bag,zipper,3,"bag,paper,flap,zipper"
baker,apron,2,"baker,chef,apron"
baker,bakery,-1,NOT FOUND
baker,bread,1,"baker,bread"
baker,cake,1,"baker,cake"
baker,cookie,2,"baker,food,cookie"
baker,cupcake,-1,NOT FOUND
baker,dough,1,"baker,dough"
baker,flour,2,"baker,cook,flour"
baker,hat,2,"baker,chef,hat"
baker,muffin,2,"baker,cake,muffin"
baker,oven,1,"baker,oven"
baker,pastry,1,"baker,pastry"
baker,pie,1,"baker,pie"
ball,baseball,1,"ball,baseball"
ball,basket,1,"ball,basket"
ball,basketball,1,"ball,basketball"
ball,beach,1,"ball,beach"
ball,bounce,1,"ball,bounce"
ball,dog,2,"ball,chain,dog"
ball,game,1,"ball,game"
ball,hoop,2,"ball,basketball,hoop"
ball,net,1,"ball,net"
ball,park,1,"ball,park"
ball,soccer,1,"ball,soccer"
ball,sport,1,"ball,sport"
bank,atm,-1,NOT FOUND
bank,bank,0,bank
bank,burglar,2,"bank,robbery,burglar"
bank,card,2,"bank,business,card"
bank,cash,2,"bank,money,cash"
bank,cashier,2,"bank,clerk,cashier"
bank,cheque,-1,NOT FOUND
bank,clerk,1,"bank,clerk"
bank,client,-1,NOT FOUND
bank,credit,2,"bank,money,credit"
bank,currency,-1,NOT FOUND
bank,customer,2,"bank,clerk,customer"
bank,guard,1,"bank,guard"
bank,investment,-1,NOT FOUND
bank,loan,1,"bank,loan"
bank,money,1,"bank,money"
bank,register,2,"bank,clerk,register"
bank,robber,1,"bank,robber"
bank,safe,1,"bank,safe"
bank,security,2,"bank,safe,security"
bank,teller,1,"bank,teller"
bank,vault,1,"bank,vault"
bank,visa,-1,NOT FOUND
barn,animals,2,"barn,cow,animals"
barn,chicken,1,"barn,chicken"
barn,cow,1,"barn,cow"
barn,farm,1,"barn,farm"
barn,farmer,1,"barn,farmer"
barn,hay,1,"barn,hay"
barn,horse,1,"barn,horse"
barn,pig,2,"barn,cow,pig"
barn,red,1,"barn,red"
barn,straw,1,"barn,straw"
barn,tractor,2,"barn,farmer,tractor"
barn,wood,2,"barn,loft,wood"
beach,ball,1,"beach,ball"
beach,beachball,-1,NOT FOUND
beach,bikini,-1,NOT FOUND
beach,ocean,1,"beach,ocean"
beach,sand,1,"beach,sand"
beach,sea,1,"beach,sea"
beach,summer,1,"beach,summer"
beach,sun,1,"beach,sun"
beach,sunshine,1,"beach,sunshine"
beach,swim,1,"beach,swim"
beach,swimsuit,-1,NOT FOUND
beach,towel,1,"beach,towel"
beach,volleyball,1,"beach,volleyball"
beach,water,1,"beach,water"
beak,bird,-1,NOT FOUND
beak,duck,-1,NOT FOUND
beak,eat,-1,NOT FOUND
beak,food,-1,NOT FOUND
beak,nest,-1,NOT FOUND
beak,peck,-1,NOT FOUND
beak,seed,-1,NOT FOUND
beak,sharp,-1,NOT FOUND
beak,worm,-1,NOT FOUND
bear,berry,2,"bear,tree,berry"
bear,big,1,"bear,big"
bear,brown,1,"bear,brown"
bear,camping,2,"bear,woods,camping"
bear,cave,1,"bear,cave"
bear,claw,1,"bear,claw"
bear,cub,1,"bear,cub"
bear,den,-1,NOT FOUND
bear,fear,3,"bear,big,shark,fear"
bear,fish,2,"bear,mammal,fish"
bear,forest,1,"bear,forest"
bear,fur,1,"bear,fur"
bear,honey,1,"bear,honey"
bear,salmon,3,"bear,animal,spawn,salmon"
bear,teeth,2,"bear,beaver,teeth"
bear,tree,1,"bear,tree"
bed,bedroom,1,"bed,bedroom"
bed,blanket,1,"bed,blanket"
bed,comforter,-1,NOT FOUND
bed,duvet,-1,NOT FOUND
bed,house,2,"bed,loft,house"
bed,mattress,1,"bed,mattress"
bed,night,2,"bed,sleep,night"
bed,pillow,1,"bed,pillow"
bed,rest,1,"bed,rest"
bed,sheets,1,"bed,sheets"
bed,sleep,1,"bed,sleep"
bee,bear,2,"bee,honey,bear"
bee,black,3,"bee,wasp,bug,black"
bee,comb,2,"bee,honey,comb"
bee,flower,2,"bee,be,flower"
bee,hive,1,"bee,hive"
bee,honey,1,"bee,honey"
bee,nest,2,"bee,wasp,nest"
bee,pollen,-1,NOT FOUND
bee,queen,1,"bee,queen"
bee,sting,1,"bee,sting"
bee,stinger,-1,NOT FOUND
bee,stripes,3,"bee,be,army,stripes"
bee,yellow,3,"bee,be,happy,yellow"
beer,alcohol,1,"beer,alcohol"
beer,bar,1,"beer,bar"
beer,belly,1,"beer,belly"
beer,bottle,1,"beer,bottle"
beer,chips,2,"beer,stale,chips"
beer,cup,2,"beer,mug,cup"
beer,drink,1,"beer,drink"
beer,drunk,1,"beer,drunk"
beer,foam,1,"beer,foam"
beer,glass,1,"beer,glass"
beer,keg,1,"beer,keg"
beer,liquor,1,"beer,liquor"
beer,mug,1,"beer,mug"
beer,party,1,"beer,party"
beer,person,3,"beer,mug,face,person"
beer,pub,1,"beer,pub"
beer,wine,1,"beer,wine"
bird,air,2,"bird,flying,air"
bird,beak,-1,NOT FOUND
bird,cage,1,"bird,cage"
bird,cat,1,"bird,cat"
bird,chirp,1,"bird,chirp"
bird,egg,2,"bird,yellow,egg"
bird,feather,1,"bird,feather"
bird,fly,1,"bird,fly"
bird,nest,1,"bird,nest"
bird,seed,1,"bird,seed"
bird,sing,1,"bird,sing"
bird,sky,2,"bird,soar,sky"
bird,tree,1,"bird,tree"
bird,wings,1,"bird,wings"
bird,worm,1,"bird,worm"
boat,anchor,1,"boat,anchor"
boat,captain,1,"boat,captain"
boat,dock,1,"boat,dock"
boat,engine,2,"boat,airplane,engine"
boat,fish,1,"boat,fish"
boat,lake,2,"boat,sea,lake"
boat,motor,1,"boat,motor"
boat,ocean,1,"boat,ocean"
boat,paddle,1,"boat,paddle"
boat,river,1,"boat,river"
boat,sail,1,"boat,sail"
boat,sea,1,"boat,sea"
boat,summer,2,"boat,water,summer"
boat,tube,2,"boat,river,tube"
boat,water,1,"boat,water"
bone,body,1,"bone,body"
bone,broken,1,"bone,broken"
bone,cast,1,"bone,cast"
bone,dinosaur,2,"bone,teeth,dinosaur"
bone,dog,1,"bone,dog"
bone,marrow,1,"bone,marrow"
bone,milk,2,"bone,white,milk"
bone,muscle,1,"bone,muscle"
bone,skeleton,1,"bone,skeleton"
bone,strong,2,"bone,arm,strong"
book,author,1,"book,author"
book,bookmark,-1,NOT FOUND
book,bookshelf,-1,NOT FOUND
book,bookstore,-1,NOT FOUND
book,cover,1,"book,cover"
book,glasses,2,"book,reader,glasses"
book,knowledge,1,"book,knowledge"
book,library,1,"book,library"
book,page,1,"book,page"
book,paper,1,"book,paper"
book,reading,1,"book,reading"
book,school,1,"book,school"
book,words,1,"book,words"
book,writer,1,"book,writer"
boy,car,2,"boy,toy,car"
boy,father,2,"boy,brother,father"
boy,friend,1,"boy,friend"
boy,games,3,"boy,male,sex,games"
boy,girl,1,"boy,girl"
boy,male,1,"boy,male"
boy,penis,-1,NOT FOUND
boy,school,2,"boy,friend,school"
boy,sports,2,"boy,active,sports"
boy,toys,2,"boy,baby,toys"
builder,bob,-1,NOT FOUND
builder,brick,2,"builder,mason,brick"
builder,concrete,2,"builder,mason,concrete"
builder,construction,1,"builder,construction"
builder,equipment,-1,NOT FOUND
builder,hammer,2,"builder,carpenter,hammer"
builder,hardhat,-1,NOT FOUND
builder,helmet,3,"builder,home,safety,helmet"
builder,house,1,"builder,house"
builder,job,2,"builder,engineer,job"
builder,machine,2,"builder,engineer,machine"
builder,nails,2,"builder,carpenter,nails"
builder,tools,2,"builder,work,tools"
builder,wood,2,"builder,house,wood"
builder,work,1,"builder,work"
cage,animal,1,"cage,animal"
cage,bar,1,"cage,bar"
cage,bird,1,"cage,bird"
cage,criminal,2,"cage,capture,criminal"
cage,dog,2,"cage,animal,dog"
cage,jail,1,"cage,jail"
cage,key,2,"cage,lock,key"
cage,lion,1,"cage,lion"
cage,lock,1,"cage,lock"
cage,metal,1,"cage,metal"
cage,prison,1,"cage,prison"
cage,prisoner,1,"cage,prisoner"
cage,zoo,1,"cage,zoo"
cake,baker,1,"cake,baker"
cake,bakery,-1,NOT FOUND
cake,birthday,1,"cake,birthday"
cake,candle,2,"cake,birthday,candle"
cake,chocolate,1,"cake,chocolate"
cake,cream,1,"cake,cream"
cake,flour,1,"cake,flour"
cake,fork,2,"cake,spatula,fork"
cake,frosting,1,"cake,frosting"
cake,gift,2,"cake,birthday,gift"
cake,icing,1,"cake,icing"
cake,oven,2,"cake,baker,oven"
cake,party,1,"cake,party"
cake,plate,2,"cake,eat,plate"
cake,platter,-1,NOT FOUND
cake,present,2,"cake,birthday,present"
cake,stove,3,"cake,muffin,pan,stove"
cake,sugar,2,"cake,cream,sugar"
cake,vanilla,2,"cake,cream,vanilla"
camel,arab,-1,NOT FOUND
camel,cactus,2,"camel,desert,cactus"
camel,desert,1,"camel,desert"
camel,egypt,1,"camel,egypt"
camel,hump,-1,NOT FOUND
camel,sand,2,"camel,egypt,sand"
camel,spit,2,"camel,water,spit"
camel,water,1,"camel,water"
candle,birthday,1,"candle,birthday"
candle,cake,2,"candle,birthday,cake"
candle,candleholder,-1,NOT FOUND
candle,fire,1,"candle,fire"
candle,flame,1,"candle,flame"
candle,heat,2,"candle,flame,heat"
candle,light,1,"candle,light"
candle,lighter,2,"candle,lit,lighter"
candle,match,2,"candle,lit,match"
candle,night,2,"candle,flashlight,night"
candle,scent,2,"candle,incense,scent"
candle,table,2,"candle,wicker,table"
candle,wax,1,"candle,wax"
candle,wick,1,"candle,wick"
candy,cavity,3,"candy,sweet,tooth,cavity"
candy,child,1,"candy,child"
candy,halloween,1,"candy,halloween"
candy,mouth,2,"candy,suck,mouth"
candy,sour,1,"candy,sour"
candy,store,1,"candy,store"
candy,sugar,1,"candy,sugar"
candy,sweet,1,"candy,sweet"
candy,wrapper,-1,NOT FOUND
car,accident,1,"car,accident"
car,collision,-1,NOT FOUND
car,crash,1,"car,crash"
car,driver,1,"car,driver"
car,drive,1,"car,drive"
car,engine,1,"car,engine"
car,fuel,1,"car,fuel"
car,garage,1,"car,garage"
car,gas,1,"car,gas"
car,highway,1,"car,highway"
car,key,1,"car,key"
car,radio,2,"car,tune,radio"
car,road,1,"car,road"
car,seat,1,"car,seat"
car,speed,1,"car,speed"
car,steer,1,"car,steer"
car,street,1,"car,street"
car,tire,1,"car,tire"
car,wheel,1,"car,wheel"
castle,brick,2,"castle,house,brick"
castle,bridge,2,"castle,moat,bridge"
castle,crown,2,"castle,prince,crown"
castle,dragon,1,"castle,dragon"
castle,guard,2,"castle,palace,guard"
castle,king,1,"castle,king"
castle,knight,1,"castle,knight"
castle,moat,1,"castle,moat"
castle,money,2,"castle,mansion,money"
castle,prince,1,"castle,prince"
castle,princess,1,"castle,princess"
castle,queen,1,"castle,queen"
castle,royalty,2,"castle,prince,royalty"
castle,stone,3,"castle,home,building,stone"
castle,wealth,2,"castle,mansion,wealth"
cat,box,2,"cat,hat,box"
cat,claw,1,"cat,claw"
cat,couch,3,"cat,fluffy,plush,couch"
cat,dog,1,"cat,dog"
cat,fish,2,"cat,mammal,fish"
cat,fur,1,"cat,fur"
cat,house,2,"cat,animal,house"
cat,kitten,1,"cat,kitten"
cat,litter,3,"cat,scratch,paper,litter"
cat,meow,1,"cat,meow"
cat,milk,2,"cat,mammal,milk"
cat,mouse,1,"cat,mouse"
cat,pet,1,"cat,pet"
cat,rat,1,"cat,rat"
cat,tree,1,"cat,tree"
cat,whiskers,1,"cat,whiskers"
cat,yarn,2,"cat,string,yarn"
cheese,cheddar,1,"cheese,cheddar"
cheese,cow,2,"cheese,goat,cow"
cheese,crackers,1,"cheese,crackers"
cheese,fridge,-1,NOT FOUND
cheese,hole,2,"cheese,mouse,hole"
cheese,knife,2,"cheese,swiss,knife"
cheese,macaroni,1,"cheese,macaroni"
cheese,milk,1,"cheese,milk"
cheese,mouse,1,"cheese,mouse"
cheese,pasta,2,"cheese,noodles,pasta"
cheese,pizza,1,"cheese,pizza"
cheese,sandwich,2,"cheese,hamburger,sandwich"
cheese,trap,2,"cheese,rat,trap"
cheese,wine,1,"cheese,wine"
cheese,yellow,2,"cheese,butter,yellow"
chef,apron,1,"chef,apron"
chef,cooking,1,"chef,cooking"
chef,food,1,"chef,food"
chef,hat,1,"chef,hat"
chef,kitchen,2,"chef,food,kitchen"
chef,knife,2,"chef,butcher,knife"
chef,oven,2,"chef,baker,oven"
chef,pan,2,"chef,food,pan"
chef,pot,2,"chef,food,pot"
chef,restaurant,2,"chef,parsley,restaurant"
chef,stove,2,"chef,cook,stove"
chef,waiter,1,"chef,waiter"
chicken,barn,1,"chicken,barn"
chicken,beak,-1,NOT FOUND
chicken,cage,2,"chicken,bird,cage"
chicken,chick,1,"chicken,chick"
chicken,coop,-1,NOT FOUND
chicken,corn,2,"chicken,rice,corn"
chicken,dinner,1,"chicken,dinner"
chicken,drumstick,-1,NOT FOUND
chicken,egg,1,"chicken,egg"
chicken,farm,1,"chicken,farm"
chicken,farmer,2,"chicken,barn,farmer"
chicken,feathers,1,"chicken,feathers"
chicken,food,1,"chicken,food"
chicken,grain,2,"chicken,rice,grain"
chicken,henhouse,-1,NOT FOUND
chicken,kfc,-1,NOT FOUND
chicken,leg,1,"chicken,leg"
chicken,pen,2,"chicken,feather,pen"
chicken,rooster,1,"chicken,rooster"
chicken,seed,2,"chicken,bird,seed"
chicken,wings,1,"chicken,wings"
child,candy,1,"child,candy"
child,daycare,-1,NOT FOUND
child,innocent,2,"child,virgin,innocent"
child,kindergarten,-1,NOT FOUND
child,little,1,"child,little"
child,mother,1,"child,mother"
child,parents,2,"child,family,parents"
child,playground,2,"child,swing,playground"
child,school,1,"child,school"
child,small,1,"child,small"
child,toys,2,"child,fun,toys"
child,young,1,"child,young"
church,alter,3,"church,renounce,change,alter"
church,bench,3,"church,organ,piano,bench"
church,bible,1,"church,bible"
church,choir,1,"church,choir"
church,cross,1,"church,cross"
church,god,1,"church,god"
church,organ,1,"church,organ"
church,people,2,"church,mass,people"
church,pew,-1,NOT FOUND
church,prayer,1,"church,prayer"
church,priest,1,"church,priest"
church,religion,1,"church,religion"
church,sunday,1,"church,sunday"
circus,acrobat,1,"circus,acrobat"
circus,candy,3,"circus,fair,good,candy"
circus,clown,1,"circus,clown"
circus,cotton,3,"circus,world,material,cotton"
circus,elephant,1,"circus,elephant"
circus,gymnast,2,"circus,acrobat,gymnast"
circus,lion,1,"circus,lion"
circus,popcorn,2,"circus,peanuts,popcorn"
circus,show,1,"circus,show"
circus,tent,1,"circus,tent"
clown,balloon,1,"clown,balloon"
clown,big,2,"clown,balloon,big"
clown,birthday,2,"clown,fun,birthday"
clown,carnival,1,"clown,carnival"
clown,children,2,"clown,fun,children"
clown,circus,1,"clown,circus"
clown,elephant,2,"clown,circus,elephant"
clown,face,2,"clown,smile,face"
clown,fair,2,"clown,fun,fair"
clown,funny,1,"clown,funny"
clown,makeup,-1,NOT FOUND
clown,nose,3,"clown,smile,face,nose"
clown,paint,1,"clown,paint"
clown,party,2,"clown,fun,party"
clown,red,2,"clown,paint,red"
clown,scary,3,"clown,actor,movie,scary"
clown,shoes,3,"clown,fun,bowling,shoes"
clown,wig,-1,NOT FOUND
coffee,beans,2,"coffee,black,beans"
coffee,biscuit,2,"coffee,doughnut,biscuit"
coffee,black,1,"coffee,black"
coffee,breakfast,2,"coffee,doughnut,breakfast"
coffee,caffeine,1,"coffee,caffeine"
coffee,cake,2,"coffee,cream,cake"
coffee,coffee,0,coffee
coffee,cream,1,"coffee,cream"
coffee,cup,1,"coffee,cup"
coffee,danish,-1,NOT FOUND
coffee,donut,-1,NOT FOUND
coffee,hortons,-1,NOT FOUND
coffee,milk,1,"coffee,milk"
coffee,morning,1,"coffee,morning"
coffee,muffin,2,"coffee,toast,muffin"
coffee,mug,1,"coffee,mug"
coffee,pastry,2,"coffee,doughnut,pastry"
coffee,shop,2,"coffee,cafe,shop"
coffee,starbucks,-1,NOT FOUND
coffee,sugar,1,"coffee,sugar"
coffee,tea,1,"coffee,tea"
coffee,tim,-1,NOT FOUND
computer,desk,2,"computer,information,desk"
computer,facebook,-1,NOT FOUND
computer,games,1,"computer,games"
computer,internet,-1,NOT FOUND
computer,keyboard,1,"computer,keyboard"
computer,laptop,-1,NOT FOUND
computer,monitor,-1,NOT FOUND
computer,mouse,3,"computer,process,cheese,mouse"
computer,printer,1,"computer,printer"
computer,school,2,"computer,program,school"
computer,screen,1,"computer,screen"
computer,speaker,2,"computer,system,speaker"
cow,barn,1,"cow,barn"
cow,beef,1,"cow,beef"
cow,calf,1,"cow,calf"
cow,farm,1,"cow,farm"
cow,farmer,1,"cow,farmer"
cow,field,2,"cow,farmer,field"
cow,grass,2,"cow,graze,grass"
cow,hay,2,"cow,horse,hay"
cow,meat,1,"cow,meat"
cow,milk,1,"cow,milk"
cow,pasture,1,"cow,pasture"
cow,spots,3,"cow,sow,dirt,spots"
crown,castle,2,"crown,king,castle"
crown,diamond,2,"crown,jewel,diamond"
crown,gem,2,"crown,jewel,gem"
crown,gold,2,"crown,jewel,gold"
crown,head,1,"crown,head"
crown,jewel,1,"crown,jewel"
crown,king,1,"crown,king"
crown,monarch,2,"crown,king,monarch"
crown,money,2,"crown,royal,money"
crown,palace,2,"crown,king,palace"
crown,princess,1,"crown,princess"
crown,queen,1,"crown,queen"
crown,royalty,2,"crown,king,royalty"
crown,throne,1,"crown,throne"
desert,cactus,1,"desert,cactus"
desert,camel,1,"desert,camel"
desert,drought,-1,NOT FOUND
desert,heat,2,"desert,dry,heat"
desert,palm,2,"desert,island,palm"
desert,pyramid,1,"desert,pyramid"
desert,sand,1,"desert,sand"
desert,sun,2,"desert,island,sun"
desert,tree,3,"desert,camel,tall,tree"
desert,water,2,"desert,camel,water"
diamond ring,box,-1,NOT FOUND
diamond ring,engagement,-1,NOT FOUND
diamond ring,finger,-1,NOT FOUND
diamond ring,girl,-1,NOT FOUND
diamond ring,gold,-1,NOT FOUND
diamond ring,jewelry,-1,NOT FOUND
diamond ring,jewel,-1,NOT FOUND
diamond ring,money,-1,NOT FOUND
diamond ring,person,-1,NOT FOUND
diamond ring,proposal,-1,NOT FOUND
diamond ring,rich,-1,NOT FOUND
diamond ring,silver,-1,NOT FOUND
diamond ring,wedding,-1,NOT FOUND
diamond ring,woman,-1,NOT FOUND
doctor,clinic,1,"doctor,clinic"
doctor,coat,3,"doctor,professional,suit,coat"
doctor,drug,2,"doctor,injection,drug"
doctor,health,1,"doctor,health"
doctor,hospital,1,"doctor,hospital"
doctor,injection,1,"doctor,injection"
doctor,jacket,3,"doctor,professional,suit,jacket"
doctor,lab,2,"doctor,scientist,lab"
doctor,medical,1,"doctor,medical"
doctor,medicine,1,"doctor,medicine"
doctor,needle,2,"doctor,nurse,needle"
doctor,nurse,1,"doctor,nurse"
doctor,office,1,"doctor,office"
doctor,patient,1,"doctor,patient"
doctor,person,2,"doctor,help,person"
doctor,pill,2,"doctor,medicine,pill"
doctor,school,2,"doctor,profession,school"
doctor,scrub,3,"doctor,hospital,clean,scrub"
doctor,shot,1,"doctor,shot"
doctor,sick,1,"doctor,sick"
doctor,stetoscope,-1,NOT FOUND
doctor,syringe,1,"doctor,syringe"
doctor,uniform,2,"doctor,nurse,uniform"
doctor,white,2,"doctor,nurse,white"
dog,ball,2,"dog,chain,ball"
dog,bark,1,"dog,bark"
dog,biscuit,1,"dog,biscuit"
dog,bone,1,"dog,bone"
dog,cat,1,"dog,cat"
dog,collar,1,"dog,collar"
dog,companion,1,"dog,companion"
dog,dogfood,-1,NOT FOUND
dog,doghouse,-1,NOT FOUND
dog,friend,1,"dog,friend"
dog,fur,2,"dog,fox,fur"
dog,garden,2,"dog,spade,garden"
dog,home,2,"dog,owner,home"
dog,house,1,"dog,house"
dog,kennel,-1,NOT FOUND
dog,kibble,-1,NOT FOUND
dog,leash,-1,NOT FOUND
dog,park,2,"dog,curb,park"
dog,pet,1,"dog,pet"
dog,tail,1,"dog,tail"
dog,toy,1,"dog,toy"
dog,treat,1,"dog,treat"
dog,walk,3,"dog,whistle,stop,walk"
dog,yard,2,"dog,shed,yard"
dragon,castle,1,"dragon,castle"
dragon,cave,2,"dragon,dungeon,cave"
dragon,china,1,"dragon,china"
dragon,den,-1,NOT FOUND
dragon,fairy,3,"dragon,green,witch,fairy"
dragon,fire,1,"dragon,fire"
dragon,flame,2,"dragon,red,flame"
dragon,knight,1,"dragon,knight"
dragon,princess,2,"dragon,castle,princess"
dragon,scales,1,"dragon,scales"
dragon,sword,1,"dragon,sword"
dragon,tail,2,"dragon,animal,tail"
dragon,tale,3,"dragon,animal,dog,tale"
dragon,teeth,3,"dragon,moat,alligator,teeth"
dragon,wings,2,"dragon,fly,wings"
drugstore,advil,-1,NOT FOUND
drugstore,candy,-1,NOT FOUND
drugstore,doctor,-1,NOT FOUND
drugstore,drugs,-1,NOT FOUND
drugstore,killer,-1,NOT FOUND
drugstore,magazine,-1,NOT FOUND
drugstore,make-up,-1,NOT FOUND
drugstore,medicine,-1,NOT FOUND
drugstore,money,-1,NOT FOUND
drugstore,pain,-1,NOT FOUND
drugstore,person,-1,NOT FOUND
drugstore,pharmacist,-1,NOT FOUND
drugstore,pharmacy,-1,NOT FOUND
drugstore,pill,-1,NOT FOUND
drugstore,prescription,-1,NOT FOUND
drugstore,sick,-1,NOT FOUND
drugstore,tylenol,-1,NOT FOUND
feet,cream,3,"feet,big,thick,cream"
feet,floor,2,"feet,mat,floor"
feet,hands,1,"feet,hands"
feet,nailpolish,-1,NOT FOUND
feet,nails,2,"feet,hands,nails"
feet,running,2,"feet,shoes,running"
feet,shoes,1,"feet,shoes"
feet,smell,1,"feet,smell"
feet,socks,1,"feet,socks"
feet,toes,1,"feet,toes"
feet,walk,1,"feet,walk"
fish,aquarium,-1,NOT FOUND
fish,boat,1,"fish,boat"
fish,cat,2,"fish,pet,cat"
fish,fish,0,fish
fish,fishing,1,"fish,fishing"
fish,food,1,"fish,food"
fish,gill,-1,NOT FOUND
fish,lake,1,"fish,lake"
fish,ocean,1,"fish,ocean"
fish,river,1,"fish,river"
fish,rod,2,"fish,fishing,rod"
fish,scales,1,"fish,scales"
fish,sea,1,"fish,sea"
fish,sushi,-1,NOT FOUND
fish,tank,1,"fish,tank"
fish,water,1,"fish,water"
fish,worm,1,"fish,worm"
flower,bee,2,"flower,be,bee"
flower,colour,-1,NOT FOUND
flower,garden,1,"flower,garden"
flower,grass,2,"flower,field,grass"
flower,leaves,2,"flower,leaf,leaves"
flower,petal,-1,NOT FOUND
flower,pollen,-1,NOT FOUND
flower,pot,1,"flower,pot"
flower,rose,1,"flower,rose"
flower,scent,2,"flower,perfume,scent"
flower,smell,1,"flower,smell"
flower,soil,2,"flower,plant,soil"
flower,spring,1,"flower,spring"
flower,stem,1,"flower,stem"
flower,sun,1,"flower,sun"
flower,tree,1,"flower,tree"
flower,vase,1,"flower,vase"
flower,water,2,"flower,spring,water"
fly,air,1,"fly,air"
fly,airplane,1,"fly,airplane"
fly,annoying,1,"fly,annoying"
fly,bird,1,"fly,bird"
fly,bug,1,"fly,bug"
fly,eyes,2,"fly,flutter,eyes"
fly,fruit,1,"fly,fruit"
fly,garbage,2,"fly,dirty,garbage"
fly,germ,2,"fly,bug,germ"
fly,infection,3,"fly,bug,gross,infection"
fly,sky,2,"fly,glide,sky"
fly,spiderweb,-1,NOT FOUND
fly,summer,2,"fly,mosquito,summer"
fly,swatter,1,"fly,swatter"
fly,wings,1,"fly,wings"
frog,bug,2,"frog,fly,bug"
frog,croak,1,"frog,croak"
frog,fly,1,"frog,fly"
frog,green,1,"frog,green"
frog,hop,1,"frog,hop"
frog,insect,2,"frog,fly,insect"
frog,jump,1,"frog,jump"
frog,leap,1,"frog,leap"
frog,lilypad,-1,NOT FOUND
frog,pond,1,"frog,pond"
frog,prince,1,"frog,prince"
frog,princess,2,"frog,prince,princess"
frog,ribbit,-1,NOT FOUND
frog,slime,2,"frog,green,slime"
frog,swamp,2,"frog,pond,swamp"
frog,tadpole,-1,NOT FOUND
frog,tongue,2,"frog,lizard,tongue"
frog,water,1,"frog,water"
garage,apartment,2,"garage,house,apartment"
garage,bicycle,2,"garage,car,bicycle"
garage,bin,-1,NOT FOUND
garage,car,1,"garage,car"
garage,door,1,"garage,door"
garage,garbage,2,"garage,smell,garbage"
garage,home,2,"garage,house,home"
garage,house,1,"garage,house"
garage,storage,1,"garage,storage"
garage,tools,2,"garage,shed,tools"
garage,trash,2,"garage,smell,trash"
gift,birthday,1,"gift,birthday"
gift,bow,1,"gift,bow"
gift,box,1,"gift,box"
gift,cake,2,"gift,birthday,cake"
gift,child,2,"gift,blessing,child"
gift,christmas,1,"gift,christmas"
gift,holiday,1,"gift,holiday"
gift,joy,2,"gift,christmas,joy"
gift,present,1,"gift,present"
gift,ribbon,1,"gift,ribbon"
gift,santa,2,"gift,christmas,santa"
gift,tree,2,"gift,giving,tree"
gift,wrap,1,"gift,wrap"
girl,barbie,-1,NOT FOUND
girl,boy,1,"girl,boy"
girl,clothes,2,"girl,material,clothes"
girl,cute,1,"girl,cute"
girl,doll,1,"girl,doll"
girl,dress,1,"girl,dress"
girl,female,1,"girl,female"
girl,flowers,2,"girl,pink,flowers"
girl,hair,2,"girl,maiden,hair"
girl,long,2,"girl,skinny,long"
girl,makeup,-1,NOT FOUND
girl,pink,1,"girl,pink"
girl,pretty,1,"girl,pretty"
girl,purse,1,"girl,purse"
girl,school,2,"girl,friend,school"
granny,cane,-1,NOT FOUND
granny,chair,-1,NOT FOUND
granny,cookie,-1,NOT FOUND
granny,food,-1,NOT FOUND
granny,glasses,-1,NOT FOUND
granny,grandpa,-1,NOT FOUND
granny,grey,-1,NOT FOUND
granny,hair,-1,NOT FOUND
granny,home,-1,NOT FOUND
granny,knitting,-1,NOT FOUND
granny,old,-1,NOT FOUND
granny,rock,-1,NOT FOUND
granny,wrinkle,-1,NOT FOUND
hammer,construction,3,"hammer,hit,man,construction"
hammer,hand,2,"hammer,nail,hand"
hammer,handyman,-1,NOT FOUND
hammer,head,1,"hammer,head"
hammer,metal,3,"hammer,screw,wood,metal"
hammer,nail,1,"hammer,nail"
hammer,screwdriver,1,"hammer,screwdriver"
hammer,tool,1,"hammer,tool"
hammer,toolbox,-1,NOT FOUND
hammer,wall,3,"hammer,hit,hard,wall"
hammer,wood,2,"hammer,screw,wood"
hands,arms,1,"hands,arms"
hands,feet,1,"hands,feet"
hands,fingers,1,"hands,fingers"
hands,gloves,1,"hands,gloves"
hands,keyboard,3,"hands,shake,song,keyboard"
hands,legs,1,"hands,legs"
hands,mitten,3,"hands,face,hand,mitten"
hands,nailpolish,-1,NOT FOUND
hands,nails,1,"hands,nails"
hands,palm,3,"hands,face,hand,palm"
hands,pencil,3,"hands,fingers,tap,pencil"
hands,ring,2,"hands,fingers,ring"
honey,bagel,3,"honey,oats,eat,bagel"
honey,bear,1,"honey,bear"
honey,bee,1,"honey,bee"
honey,bottle,3,"honey,be,can,bottle"
honey,bread,2,"honey,milk,bread"
honey,flower,2,"honey,be,flower"
honey,hive,2,"honey,bee,hive"
honey,jar,3,"honey,be,can,jar"
honey,nest,3,"honey,milk,egg,nest"
honey,noneycomb,-1,NOT FOUND
honey,plastic,3,"honey,pot,lid,plastic"
honey,sticky,1,"honey,sticky"
honey,sweet,1,"honey,sweet"
honey,tea,1,"honey,tea"
honey,toast,2,"honey,syrup,toast"
horse,animal,1,"horse,animal"
horse,barn,1,"horse,barn"
horse,carrot,1,"horse,carrot"
horse,cowboy,1,"horse,cowboy"
horse,farm,2,"horse,cow,farm"
horse,hay,1,"horse,hay"
horse,hoof,-1,NOT FOUND
horse,horseshoe,-1,NOT FOUND
horse,jockey,-1,NOT FOUND
horse,mane,-1,NOT FOUND
horse,race,1,"horse,race"
horse,rider,1,"horse,rider"
horse,ride,1,"horse,ride"
hospital,ambulance,1,"hospital,ambulance"
hospital,bed,1,"hospital,bed"
hospital,desease,-1,NOT FOUND
hospital,doctor,1,"hospital,doctor"
hospital,illness,1,"hospital,illness"
hospital,medicine,1,"hospital,medicine"
hospital,needle,2,"hospital,nurse,needle"
hospital,nurse,1,"hospital,nurse"
hospital,patient,1,"hospital,patient"
house,bed,2,"house,bedroom,bed"
house,brick,1,"house,brick"
house,chimney,1,"house,chimney"
house,door,1,"house,door"
house,family,1,"house,family"
house,fireplace,2,"house,brick,fireplace"
house,furniture,1,"house,furniture"
house,home,1,"house,home"
house,kitchen,1,"house,kitchen"
house,roof,1,"house,roof"
house,window,2,"house,door,window"
ice-cream,bowl,-1,NOT FOUND
ice-cream,child,-1,NOT FOUND
ice-cream,chocolate,-1,NOT FOUND
ice-cream,cold,-1,NOT FOUND
ice-cream,cone,-1,NOT FOUND
ice-cream,cream,-1,NOT FOUND
ice-cream,freezer,-1,NOT FOUND
ice-cream,fridge,-1,NOT FOUND
ice-cream,kid,-1,NOT FOUND
ice-cream,milk,-1,NOT FOUND
ice-cream,spoon,-1,NOT FOUND
ice-cream,sprinkle,-1,NOT FOUND
ice-cream,sugar,-1,NOT FOUND
ice-cream,summer,-1,NOT FOUND
ice-cream,tasty,-1,NOT FOUND
ice-cream,truck,-1,NOT FOUND
ice-cream,vanilla,-1,NOT FOUND
key,car,1,"key,car"
key,chain,1,"key,chain"
key,chest,2,"key,lock,chest"
key,door,1,"key,door"
key,heart,3,"key,car,valve,heart"
key,house,2,"key,door,house"
key,lock,1,"key,lock"
key,metal,3,"key,chain,gold,metal"
key,open,1,"key,open"
key,safe,2,"key,lock,safe"
key,treasure,3,"key,chain,gold,treasure"
key,unlock,-1,NOT FOUND
king,castle,1,"king,castle"
king,crown,1,"king,crown"
king,kingdom,1,"king,kingdom"
king,knight,1,"king,knight"
king,leader,1,"king,leader"
king,money,2,"king,pawn,money"
king,palace,1,"king,palace"
king,power,1,"king,power"
king,prince,1,"king,prince"
king,princess,1,"king,princess"
king,queen,1,"king,queen"
king,ruler,1,"king,ruler"
king,throne,1,"king,throne"
knife,blood,2,"knife,kill,blood"
knife,board,3,"knife,hunting,game,board"
knife,bread,2,"knife,butter,bread"
knife,butter,1,"knife,butter"
knife,chop,1,"knife,chop"
knife,cut,1,"knife,cut"
knife,dinner,2,"knife,silverware,dinner"
knife,dish,2,"knife,silverware,dish"
knife,food,2,"knife,hunting,food"
knife,fork,1,"knife,fork"
knife,killer,2,"knife,gun,killer"
knife,kitchen,1,"knife,kitchen"
knife,meal,3,"knife,hunting,food,meal"
knife,meat,2,"knife,butcher,meat"
knife,metal,2,"knife,scalpel,metal"
knife,murderer,1,"knife,murderer"
knife,plate,2,"knife,fork,plate"
knife,sharp,1,"knife,sharp"
knife,spoon,1,"knife,spoon"
knife,steak,1,"knife,steak"
knife,steel,2,"knife,blade,steel"
knife,table,2,"knife,operation,table"
lamp,bedroom,2,"lamp,light,bedroom"
lamp,bright,2,"lamp,lit,bright"
lamp,bulb,1,"lamp,bulb"
lamp,desk,1,"lamp,desk"
lamp,electricity,2,"lamp,plug,electricity"
lamp,home,3,"lamp,lit,room,home"
lamp,house,2,"lamp,street,house"
lamp,light,1,"lamp,light"
lamp,night,2,"lamp,flashlight,night"
lamp,read,3,"lamp,lit,english,read"
lamp,shade,1,"lamp,shade"
lamp,study,2,"lamp,desk,study"
lamp,switch,2,"lamp,light,switch"
lamp,table,1,"lamp,table"
leash,cat,-1,NOT FOUND
leash,collar,-1,NOT FOUND
leash,control,-1,NOT FOUND
leash,dog,-1,NOT FOUND
leash,leather,-1,NOT FOUND
leash,neck,-1,NOT FOUND
leash,owner,-1,NOT FOUND
leash,park,-1,NOT FOUND
leash,pet,-1,NOT FOUND
leash,walk,-1,NOT FOUND
letter,alphabet,1,"letter,alphabet"
letter,envelope,1,"letter,envelope"
letter,ink,2,"letter,paper,ink"
letter,letter,0,letter
letter,mail,1,"letter,mail"
letter,mailbox,1,"letter,mailbox"
letter,mailman,1,"letter,mailman"
letter,office,2,"letter,post,office"
letter,opener,1,"letter,opener"
letter,paper,1,"letter,paper"
letter,pen,2,"letter,paper,pen"
letter,pencil,2,"letter,paper,pencil"
letter,post,1,"letter,post"
letter,stamp,1,"letter,stamp"
letter,words,2,"letter,read,words"
lion,africa,1,"lion,africa"
lion,antelope,2,"lion,animal,antelope"
lion,cub,1,"lion,cub"
lion,deer,2,"lion,animal,deer"
lion,fur,2,"lion,animal,fur"
lion,gazelle,2,"lion,animal,gazelle"
lion,grassland,-1,NOT FOUND
lion,hair,3,"lion,animal,mole,hair"
lion,jungle,1,"lion,jungle"
lion,king,1,"lion,king"
lion,mane,-1,NOT FOUND
lion,meat,3,"lion,animal,cow,meat"
lion,roar,1,"lion,roar"
lion,safari,1,"lion,safari"
lion,savannah,-1,NOT FOUND
lion,teeth,3,"lion,animal,wolf,teeth"
lion,tiger,1,"lion,tiger"
lion,zoo,1,"lion,zoo"
man,beard,1,"man,beard"
man,car,2,"man,bravado,car"
man,children,2,"man,stubborn,children"
man,father,1,"man,father"
man,hair,2,"man,chest,hair"
man,hammer,2,"man,hit,hammer"
man,muscle,1,"man,muscle"
man,power,2,"man,strong,power"
man,sport,3,"man,bravado,car,sport"
man,tools,2,"man,chest,tools"
man,truck,2,"man,garbage,truck"
man,woman,1,"man,woman"
mechanic,autoshop,-1,NOT FOUND
mechanic,car,1,"mechanic,car"
mechanic,dirt,2,"mechanic,grease,dirt"
mechanic,engine,1,"mechanic,engine"
mechanic,fix,1,"mechanic,fix"
mechanic,garage,2,"mechanic,car,garage"
mechanic,grease,1,"mechanic,grease"
mechanic,hammer,2,"mechanic,pliers,hammer"
mechanic,jumpsuit,-1,NOT FOUND
mechanic,machine,1,"mechanic,machine"
mechanic,oil,1,"mechanic,oil"
mechanic,overall,-1,NOT FOUND
mechanic,tire,2,"mechanic,car,tire"
mechanic,toolbox,-1,NOT FOUND
mechanic,tools,2,"mechanic,fix,tools"
mechanic,uniform,2,"mechanic,worker,uniform"
mechanic,workshop,-1,NOT FOUND
mechanic,wrench,1,"mechanic,wrench"
milk,baby,1,"milk,baby"
milk,bag,2,"milk,grocery,bag"
milk,breakfast,2,"milk,orange juice,breakfast"
milk,calcium,1,"milk,calcium"
milk,carton,1,"milk,carton"
milk,cereal,1,"milk,cereal"
milk,cheese,1,"milk,cheese"
milk,chocolate,1,"milk,chocolate"
milk,container,2,"milk,liquid,container"
milk,cookie,1,"milk,cookie"
milk,cow,1,"milk,cow"
milk,cup,2,"milk,jug,cup"
milk,farm,2,"milk,cow,farm"
milk,fridge,-1,NOT FOUND
milk,glass,2,"milk,pour,glass"
milk,goat,1,"milk,goat"
milk,grocery,1,"milk,grocery"
milk,jug,1,"milk,jug"
milk,store,2,"milk,supermarket,store"
milk,white,1,"milk,white"
monkey,banana,1,"monkey,banana"
monkey,circus,2,"monkey,animal,circus"
monkey,fur,2,"monkey,animal,fur"
monkey,hair,2,"monkey,grease,hair"
monkey,human,1,"monkey,human"
monkey,jungle,1,"monkey,jungle"
monkey,rainforest,-1,NOT FOUND
monkey,tail,2,"monkey,animal,tail"
monkey,tree,1,"monkey,tree"
monkey,vine,2,"monkey,jungle,vine"
monkey,zoo,1,"monkey,zoo"
mouse,basement,2,"mouse,house,basement"
mouse,cat,1,"mouse,cat"
mouse,cheese,1,"mouse,cheese"
mouse,computer,3,"mouse,cheese,process,computer"
mouse,hole,1,"mouse,hole"
mouse,house,1,"mouse,house"
mouse,size,2,"mouse,small,size"
mouse,small,1,"mouse,small"
mouse,tail,1,"mouse,tail"
mouse,trap,1,"mouse,trap"
mouse,whiskers,2,"mouse,cat,whiskers"
paper,airplane,2,"paper,fly,airplane"
paper,book,1,"paper,book"
paper,homework,1,"paper,homework"
paper,letter,1,"paper,letter"
paper,notebook,1,"paper,notebook"
paper,notes,1,"paper,notes"
paper,origami,-1,NOT FOUND
paper,pen,1,"paper,pen"
paper,pencil,1,"paper,pencil"
paper,printer,1,"paper,printer"
paper,school,1,"paper,school"
paper,scissors,1,"paper,scissors"
paper,stationary,-1,NOT FOUND
paper,tree,1,"paper,tree"
paper,white,1,"paper,white"
paper,writing,1,"paper,writing"
pencil,case,2,"pencil,point,case"
pencil,desk,1,"pencil,desk"
pencil,drawing,1,"pencil,drawing"
pencil,eraser,1,"pencil,eraser"
pencil,exam,3,"pencil,paper,essay,exam"
pencil,graphite,-1,NOT FOUND
pencil,hand,2,"pencil,writing,hand"
pencil,lead,1,"pencil,lead"
pencil,paper,1,"pencil,paper"
pencil,pen,1,"pencil,pen"
pencil,school,2,"pencil,paper,school"
pencil,sharpener,-1,NOT FOUND
pencil,table,2,"pencil,desk,table"
pencil,test,3,"pencil,object,lesson,test"
pencil,wood,1,"pencil,wood"
pencil,writing,1,"pencil,writing"
pie,apple,1,"pie,apple"
pie,baker,1,"pie,baker"
pie,blueberry,1,"pie,blueberry"
pie,cherry,1,"pie,cherry"
pie,cream,1,"pie,cream"
pie,crust,1,"pie,crust"
pie,dessert,1,"pie,dessert"
pie,fill,3,"pie,sky,space,fill"
pie,fork,2,"pie,eat,fork"
pie,ice-cream,-1,NOT FOUND
pie,oven,2,"pie,baker,oven"
pie,plate,2,"pie,eat,plate"
pie,pumpkin,1,"pie,pumpkin"
pie,thanksgiving,2,"pie,food,thanksgiving"
pie,whipped,-1,NOT FOUND
pilot,air,2,"pilot,plane,air"
pilot,airplane,1,"pilot,airplane"
pilot,airport,2,"pilot,plane,airport"
pilot,attendant,-1,NOT FOUND
pilot,cap,3,"pilot,captain,sailor,cap"
pilot,flight,2,"pilot,fly,flight"
pilot,goggle,-1,NOT FOUND
pilot,hat,3,"pilot,captain,sailor,hat"
pilot,helicopter,1,"pilot,helicopter"
pilot,passenger,1,"pilot,passenger"
pilot,sky,2,"pilot,plane,sky"
pilot,uniform,2,"pilot,air force,uniform"
plate,cup,1,"plate,cup"
plate,dinner,1,"plate,dinner"
plate,dishwasher,2,"plate,food,dishwasher"
plate,food,1,"plate,food"
plate,fork,1,"plate,fork"
plate,kitchen,2,"plate,cabinet,kitchen"
plate,knife,2,"plate,fork,knife"
plate,meal,2,"plate,dinner,meal"
plate,napkin,1,"plate,napkin"
plate,spoon,1,"plate,spoon"
plate,table,2,"plate,dinner,table"
plate,utensil,2,"plate,fork,utensil"
police officer,badge,-1,NOT FOUND
police officer,car,-1,NOT FOUND
police officer,criminal,-1,NOT FOUND
police officer,gun,-1,NOT FOUND
police officer,handcuffs,-1,NOT FOUND
police officer,law,-1,NOT FOUND
police officer,police,-1,NOT FOUND
police officer,siren,-1,NOT FOUND
police officer,uniform,-1,NOT FOUND
postman,bag,-1,NOT FOUND
postman,box,-1,NOT FOUND
postman,car,-1,NOT FOUND
postman,delivery,-1,NOT FOUND
postman,dog,-1,NOT FOUND
postman,envelope,-1,NOT FOUND
postman,letter,-1,NOT FOUND
postman,mail,-1,NOT FOUND
postman,mailbox,-1,NOT FOUND
postman,office,-1,NOT FOUND
postman,package,-1,NOT FOUND
postman,parcel,-1,NOT FOUND
postman,post,-1,NOT FOUND
postman,satchel,-1,NOT FOUND
postman,shorts,-1,NOT FOUND
postman,stamp,-1,NOT FOUND
postman,truck,-1,NOT FOUND
postman,uniform,-1,NOT FOUND
pumpkin,autumn,3,"pumpkin,orange,color,autumn"
pumpkin,candle,3,"pumpkin,orange,flame,candle"
pumpkin,candy,2,"pumpkin,halloween,candy"
pumpkin,farm,2,"pumpkin,harvest,farm"
pumpkin,field,2,"pumpkin,harvest,field"
pumpkin,halloween,1,"pumpkin,halloween"
pumpkin,jack-o-lantern,-1,NOT FOUND
pumpkin,knife,3,"pumpkin,head,ax,knife"
pumpkin,light,3,"pumpkin,patch,fog,light"
pumpkin,orange,1,"pumpkin,orange"
pumpkin,patch,1,"pumpkin,patch"
pumpkin,pie,1,"pumpkin,pie"
pumpkin,seed,1,"pumpkin,seed"
rabbit,bunny,1,"rabbit,bunny"
rabbit,burrow,-1,NOT FOUND
rabbit,cabbage,1,"rabbit,cabbage"
rabbit,cage,2,"rabbit,animal,cage"
rabbit,carrot,1,"rabbit,carrot"
rabbit,ears,1,"rabbit,ears"
rabbit,easter,1,"rabbit,easter"
rabbit,fur,1,"rabbit,fur"
rabbit,grass,3,"rabbit,animal,outdoors,grass"
rabbit,hole,1,"rabbit,hole"
rabbit,hop,1,"rabbit,hop"
rabbit,jump,1,"rabbit,jump"
rabbit,lettuce,1,"rabbit,lettuce"
rabbit,pet,2,"rabbit,animal,pet"
rabbit,tail,2,"rabbit,animal,tail"
rabbit,teeth,2,"rabbit,white,teeth"
restaurant,chef,2,"restaurant,cook,chef"
restaurant,dish,2,"restaurant,eat,dish"
restaurant,drink,2,"restaurant,pub,drink"
restaurant,food,1,"restaurant,food"
restaurant,menu,-1,NOT FOUND
restaurant,money,2,"restaurant,tip,money"
restaurant,plate,2,"restaurant,dinner,plate"
restaurant,table,2,"restaurant,booth,table"
restaurant,waiter,1,"restaurant,waiter"
restaurant,waitress,1,"restaurant,waitress"
river,animals,3,"river,bed,soft,animals"
river,boat,1,"river,boat"
river,canoe,1,"river,canoe"
river,current,1,"river,current"
river,fish,1,"river,fish"
river,flow,1,"river,flow"
river,forest,2,"river,lake,forest"
river,kayak,-1,NOT FOUND
river,lake,1,"river,lake"
river,ocean,1,"river,ocean"
river,rocks,1,"river,rocks"
river,stone,3,"river,bed,roll,stone"
river,swim,1,"river,swim"
river,trees,3,"river,bed,hammock,trees"
river,water,1,"river,water"
river,wildlife,-1,NOT FOUND
santa,beard,1,"santa,beard"
santa,cap,4,"santa,lie,bad,gun,cap"
santa,children,2,"santa,toys,children"
santa,chimney,1,"santa,chimney"
santa,christmas,1,"santa,christmas"
santa,coat,3,"santa,sleigh,winter,coat"
santa,cookie,4,"santa,lie,compulsion,eat,cookie"
santa,elf,1,"santa,elf"
santa,gift,2,"santa,christmas,gift"
santa,hat,3,"santa,helper,worker,hat"
santa,present,2,"santa,christmas,present"
santa,red,3,"santa,lie,white,red"
santa,reindeer,1,"santa,reindeer"
santa,sled,-1,NOT FOUND
santa,sleigh,1,"santa,sleigh"
santa,snow,2,"santa,sleigh,snow"
santa,suit,3,"santa,lie,slander,suit"
santa,tree,2,"santa,christmas,tree"
school,blackboard,1,"school,blackboard"
school,book,1,"school,book"
school,bus,1,"school,bus"
school,children,1,"school,children"
school,classmate,-1,NOT FOUND
school,classroom,-1,NOT FOUND
school,desk,1,"school,desk"
school,exam,2,"school,hard,exam"
school,friends,2,"school,important,friends"
school,homework,1,"school,homework"
school,learning,1,"school,learning"
school,locker,-1,NOT FOUND
school,pencil,2,"school,paper,pencil"
school,school,0,school
school,student,1,"school,student"
school,teacher,1,"school,teacher"
school,test,1,"school,test"
scissors,artwork,-1,NOT FOUND
scissors,blade,2,"scissors,sharp,blade"
scissors,craft,3,"scissors,cut,wood,craft"
scissors,cut,1,"scissors,cut"
scissors,glue,2,"scissors,paper,glue"
scissors,hair,2,"scissors,tweezers,hair"
scissors,hand,2,"scissors,cut,hand"
scissors,knife,1,"scissors,knife"
scissors,metal,2,"scissors,scalpel,metal"
scissors,paper,1,"scissors,paper"
scissors,rock,3,"scissors,sharp,chisel,rock"
scissors,school,2,"scissors,paper,school"
scissors,sharp,1,"scissors,sharp"
sheep,barn,2,"sheep,cow,barn"
sheep,dog,1,"sheep,dog"
sheep,farm,1,"sheep,farm"
sheep,field,1,"sheep,field"
sheep,flock,-1,NOT FOUND
sheep,fur,2,"sheep,animal,fur"
sheep,grass,2,"sheep,field,grass"
sheep,hay,2,"sheep,field,hay"
sheep,herd,1,"sheep,herd"
sheep,lamb,1,"sheep,lamb"
sheep,meadow,1,"sheep,meadow"
sheep,pasture,2,"sheep,field,pasture"
sheep,scissors,3,"sheep,white,paper,scissors"
sheep,shears,3,"sheep,skin,hair,shears"
sheep,shepard,-1,NOT FOUND
sheep,sweater,1,"sheep,sweater"
sheep,white,1,"sheep,white"
sheep,wolf,2,"sheep,lamb,wolf"
sheep,wool,1,"sheep,wool"
ship,anchor,1,"ship,anchor"
ship,boat,1,"ship,boat"
ship,captain,1,"ship,captain"
ship,cargo,-1,NOT FOUND
ship,crew,1,"ship,crew"
ship,cruise,1,"ship,cruise"
ship,dock,1,"ship,dock"
ship,fish,2,"ship,marine,fish"
ship,flag,1,"ship,flag"
ship,goods,3,"ship,package,storage,goods"
ship,harbour,-1,NOT FOUND
ship,mast,-1,NOT FOUND
ship,merchandise,-1,NOT FOUND
ship,ocean,1,"ship,ocean"
ship,passenger,3,"ship,navigator,driver,passenger"
ship,people,2,"ship,crew,people"
ship,pirate,1,"ship,pirate"
ship,plank,-1,NOT FOUND
ship,port,1,"ship,port"
ship,sailor,1,"ship,sailor"
ship,sail,1,"ship,sail"
ship,sea,1,"ship,sea"
ship,titanic,-1,NOT FOUND
ship,water,1,"ship,water"
shoes,boots,1,"shoes,boots"
shoes,box,3,"shoes,pump,press,box"
shoes,converse,-1,NOT FOUND
shoes,dirt,3,"shoes,canvas,oil,dirt"
shoes,feet,1,"shoes,feet"
shoes,floor,2,"shoes,gym,floor"
shoes,ground,3,"shoes,pump,air,ground"
shoes,heel,2,"shoes,pump,heel"
shoes,high,2,"shoes,platform,high"
shoes,holt,-1,NOT FOUND
shoes,lace,2,"shoes,pink,lace"
shoes,leather,1,"shoes,leather"
shoes,mall,3,"shoes,canvas,clothes,mall"
shoes,mud,2,"shoes,boots,mud"
shoes,nike,-1,NOT FOUND
shoes,renfrew,-1,NOT FOUND
shoes,running,1,"shoes,running"
shoes,shoebox,-1,NOT FOUND
shoes,shoelace,3,"shoes,leather,shoe,shoelace"
shoes,sneakers,1,"shoes,sneakers"
shoes,socks,1,"shoes,socks"
shoes,sole,1,"shoes,sole"
shoes,store,3,"shoes,canvas,clothes,store"
shoes,toes,2,"shoes,smell,toes"
shoes,velcro,-1,NOT FOUND
spider,black,2,"spider,bug,black"
spider,bug,1,"spider,bug"
spider,cob,2,"spider,web,cob"
spider,corner,3,"spider,fly,wall,corner"
spider,fear,2,"spider,snake,fear"
spider,fly,1,"spider,fly"
spider,halloween,3,"spider,bug,black,halloween"
spider,house,3,"spider,fly,bird,house"
spider,insect,1,"spider,insect"
spider,legs,1,"spider,legs"
spider,net,3,"spider,fly,mosquito,net"
spider,poison,2,"spider,snake,poison"
spider,scare,3,"spider,fly,dragon,scare"
spider,shoe,3,"spider,fly,flap,shoe"
spider,venom,2,"spider,snake,venom"
spider,web,1,"spider,web"
student,assignment,2,"student,test,assignment"
student,backpack,1,"student,backpack"
student,book,1,"student,book"
student,class,1,"student,class"
student,college,1,"student,college"
student,computer,3,"student,desk,information,computer"
student,desk,1,"student,desk"
student,education,1,"student,education"
student,get,3,"student,learner,smart,get"
student,homework,2,"student,desk,homework"
student,laptop,-1,NOT FOUND
student,learning,2,"student,education,learning"
student,notebook,2,"student,book,notebook"
student,pencil,2,"student,desk,pencil"
student,school,1,"student,school"
student,study,1,"student,study"
student,teacher,1,"student,teacher"
student,textbook,-1,NOT FOUND
student,university,1,"student,university"
table,chair,1,"table,chair"
table,cutlery,-1,NOT FOUND
table,dinner,1,"table,dinner"
table,dish,2,"table,silverware,dish"
table,food,2,"table,shelf,food"
table,homework,2,"table,desk,homework"
table,kitchen,1,"table,kitchen"
table,legs,1,"table,legs"
table,meal,2,"table,dinner,meal"
table,plate,2,"table,dinner,plate"
table,tablecloth,-1,NOT FOUND
table,wood,1,"table,wood"
teacher,apple,1,"teacher,apple"
teacher,blackboard,1,"teacher,blackboard"
teacher,book,1,"teacher,book"
teacher,chalk,2,"teacher,chalkboard,chalk"
teacher,class,1,"teacher,class"
teacher,classroom,-1,NOT FOUND
teacher,desk,1,"teacher,desk"
teacher,homework,2,"teacher,lesson,homework"
teacher,school,1,"teacher,school"
teacher,student,1,"teacher,student"
teacher,teach,1,"teacher,teach"
teacher,whiteboard,-1,NOT FOUND
tree,bark,1,"tree,bark"
tree,bird,1,"tree,bird"
tree,branch,1,"tree,branch"
tree,earth,2,"tree,land,earth"
tree,forrest,-1,NOT FOUND
tree,fruit,1,"tree,fruit"
tree,green,1,"tree,green"
tree,ground,2,"tree,land,ground"
tree,leaves,1,"tree,leaves"
tree,nest,2,"tree,bird,nest"
tree,root,1,"tree,root"
tree,soil,2,"tree,plant,soil"
tree,squirrel,1,"tree,squirrel"
tree,trunk,1,"tree,trunk"
tree,water,2,"tree,swamp,water"
tree,wood,1,"tree,wood"
vase,break,1,"vase,break"
vase,crystal,1,"vase,crystal"
vase,decoration,2,"vase,flowers,decoration"
vase,flower,1,"vase,flower"
vase,glass,1,"vase,glass"
vase,pretty,2,"vase,flowers,pretty"
vase,table,3,"vase,clay,tennis,table"
vase,water,1,"vase,water"
waitress,apron,2,"waitress,cook,apron"
waitress,drink,2,"waitress,bartender,drink"
waitress,food,1,"waitress,food"
waitress,girl,2,"waitress,host,girl"
waitress,menu,-1,NOT FOUND
waitress,money,1,"waitress,money"
waitress,notepad,-1,NOT FOUND
waitress,paper,3,"waitress,tip,pencil,paper"
waitress,plate,2,"waitress,tray,plate"
waitress,restaurant,1,"waitress,restaurant"
waitress,tip,1,"waitress,tip"
waitress,waiter,1,"waitress,waiter"
witch,besom,-1,NOT FOUND
witch,broom,1,"witch,broom"
witch,broomstick,-1,NOT FOUND
witch,cape,2,"witch,black,cape"
witch,cat,1,"witch,cat"
witch,cauldron,-1,NOT FOUND
witch,cloth,3,"witch,curse,mummy,cloth"
witch,coat,3,"witch,magic,hat,coat"
witch,dark,2,"witch,scary,dark"
witch,evil,1,"witch,evil"
witch,green,1,"witch,green"
witch,halloween,1,"witch,halloween"
witch,hat,2,"witch,magic,hat"
witch,long,3,"witch,cat,stripe,long"
witch,magic,1,"witch,magic"
witch,nose,1,"witch,nose"
witch,pointy,-1,NOT FOUND
witch,pot,3,"witch,bad,drug,pot"
witch,pumpkin,2,"witch,halloween,pumpkin"
witch,robe,3,"witch,halloween,night,robe"
witch,spell,1,"witch,spell"
witch,wand,1,"witch,wand"
witch,wart,1,"witch,wart"
witch,wizard,-1,NOT FOUND
woman,beauty,1,"woman,beauty"
woman,children,2,"woman,mother,children"
woman,clothes,2,"woman,loose,clothes"
woman,cooking,2,"woman,cleaning,cooking"
woman,dress,1,"woman,dress"
woman,hair,2,"woman,brunette,hair"
woman,jewellery,-1,NOT FOUND
woman,lipstick,1,"woman,lipstick"
woman,long,2,"woman,dress,long"
woman,makeup,-1,NOT FOUND
woman,man,1,"woman,man"
woman,mascara,1,"woman,mascara"
woman,mother,1,"woman,mother"
woman,purse,2,"woman,handbag,purse"
woman,shoes,3,"woman,handbag,leather,shoes"
